Prod,PUBLICO TIENDA
ALFOMBRA MANTA DE SILICONA ANTIESTATICA AZUL,1150
ALFOMBRA TERMICA CP320,4588
ALICATE DE PRECISION RELIFE RL-001,390
ALQUILER EQUIPO DE CERTIFICACIÓN,3
ALTAVOZ HUAWEI NOVA 5T,1350
ALTAVOZ IPHONE 12 MINI (INFERIOR),3990
ALTAVOZ IPHONE 13,1900
ALTAVOZ IPHONE 13 MINI,1900
ALTAVOZ IPHONE 13 PRO MAX,2500
ALTAVOZ IPHONE 7 PLUS,1437
ALTAVOZ IPHONE 8,1782
ALTAVOZ IPHONE XR,1890
ALTAVOZ SAMSUNG A20S,1500
ALTAVOZ XIAOMI REDMI NOTE 5,1500
ANTENA WIFI HUAWEI P9 LITE,1150
ANTENA WIFI IPHONE 11,1690
ANTENA WIFI IPHONE 6,1300
ANTENA WIFI IPHONE 6 PLUS,1300
ANTENA WIFI IPHONE 7,1600
ANTENA WIFI IPHONE 7 PLUS,1200
ANTENA WIFI IPHONE X,1500
ANTENA WIFI SAMSUNG S8,1350
ANTENA WIFI XIAOMI REDMI 4X,1250
ANTENA WIFI XIAOMI REDMI NOTE 9S,1200
AROS PARA CAMARA DE IPHONE 8 AL 13 PRO,300
AURICULAR SAMSUNG A70,1200
AURICULAR SAMSUNG S9 PLUS,1490
AURICULAR XIAOMI MI 8 LITE,1200
AURICULAR XIAOMI REDMI NOTE 5A,1400
BANDEJA MAQUINA LASER TBK-958B,150
BANDEJA ORGANIZADORA DE TORNILLO MAGNETICA,390
BANDEJA PORTA SIM MOTOROLA E6S XT2053,500
BANDEJA PORTA SIM XIAOMI MI A1,600
BANDEJA SIM,700
BANDEJA SIM A325 / A32,690
BANDEJA SIM A50,600
BANDEJA SIM HUAWEI P30 LITE,690
BANDEJA SIM HUAWEI Y5 2018,890
BANDEJA SIM HUAWEI Y9 2019,890
BANDEJA SIM IPHONE 11 PRO,890
BANDEJA SIM IPHONE XS MAX,1600
BANDEJA SIM SAMSUNG A10,490
BANDEJA SIM SAMSUNG A21S,490
BANDEJA SIM SAMSUNG S21 ULTRA / G998,1200
BANDEJA SIM XIAOMI REDMI NOTE 7,690
BANDEJA SIM XIAOMI REDMI NOTE 8,590
BATERIA APPLE WATCH S1 38 MM,3500
BATERIA APPLE WATCH S1 42 MM,3500
BATERIA APPLE WATCH S2 38 MM,3500
BATERIA APPLE WATCH S2 42 MM,3500
BATERIA APPLE WATCH S3 38 MM,3500
BATERIA APPLE WATCH S3 38 MM GPS,3500
BATERIA APPLE WATCH S3 38 MM LTE,3500
BATERIA APPLE WATCH S3 42 MM,3500
BATERIA APPLE WATCH S3 42 MM GPS,3500
BATERIA APPLE WATCH S3 42 MM LTE,3500
BATERIA APPLE WATCH S4 40 MM,4500
BATERIA APPLE WATCH S4 44MM,4500
BATERIA APPLE WATCH S5 40 MM,4500
BATERIA APPLE WATCH S5 44 MM,4500
BATERIA CATERPILLAR S60,1500
BATERIA GOOGLE PIXEL 4XL,1500
BATERIA G-POWER ACER V5/AL12A32 4C 14.8V,2500
BATERIA HUAWEI G8 RIO,1850
BATERIA HUAWEI HONOR 7S,1890
BATERIA HUAWEI MATE 10 / 10 PRO / 20 (HB436486ECW),1890
BATERIA HUAWEI MATE 10 LITE,1790
BATERIA HUAWEI MATE 20,1890
BATERIA HUAWEI MATE 20 LITE / NOVA 5T / P30 LITE,1890
BATERIA HUAWEI MATE 20 PRO,1890
BATERIA HUAWEI MATE 30 LITE / NOVA 5I PRO,2150
BATERIA HUAWEI MATE 9,1880
BATERIA HUAWEI MATE 9 LITE,1890
BATERIA HUAWEI NOVA 5I /P40 LITE / NOVA 7I / Y9 PRIME,1890
BATERIA HUAWEI P SMART 2019,1890
BATERIA HUAWEI P10,1890
BATERIA HUAWEI P10 LITE,1280
BATERIA HUAWEI P10 PLUS / MATE 20 LITE,1890
BATERIA HUAWEI P20,2290
BATERIA HUAWEI P20 LITE / NOVA 3E,1380
BATERIA HUAWEI P20 PRO,2290
BATERIA HUAWEI P30,2390
BATERIA HUAWEI P30 LITE / NOVE 4E,1890
BATERIA HUAWEI P30 PRO,2690
BATERIA HUAWEI P8 SMART / P8 LITE / Y5 2017 LITE,1790
BATERIA HUAWEI P9 / P9 LITE / HB366481ECW / Y7 2018,1890
BATERIA HUAWEI P9 LITE SMART,2600
BATERIA HUAWEI Y5 2018 / PLAY 7 / HONOR 7S,1690
BATERIA HUAWEI Y5 II,1390
BATERIA HUAWEI Y6 2019 / Y6 PRO 2019 / 8A,1790
BATERIA HUAWEI Y6 II,1890
BATERIA HUAWEI Y7 2018 / HB366481ECW / P9 LITE,1890
BATERIA HUAWEI Y7 2019 / Y7 PRO 2019 / NOVA LITE 3 / ENJOY 9,1790
BATERIA HUAWEI Y7 PRIME / Y7 / Y7 2017 / NOVA LITE PLUS / NOVA LITE PLUS,1380
BATERIA HUAWEI Y9 2019 / Y9 2018,1990
BATERIA HUAWEI Y9 PRIME / Y9S HB446486ECW,1990
BATERIA IPAD 1,2500
BATERIA IPAD 2,2500
BATERIA IPAD 3 / 4,3500
BATERIA IPAD 9.7,4500
BATERIA IPAD AIR 2 / IPAD 6,4500
BATERIA IPAD AIR A1474 / A1475 / A1566 / IPAD 7 2019 IPAD 5,4500
BATERIA IPAD MINI 1,3500
BATERIA IPAD MINI 2/3,4500
BATERIA IPAD MINI 4,4500
BATERIA IPAD PRO 10.2 / A1484,4500
BATERIA IPAD PRO 10.5,4500
BATERIA IPAD PRO 10.5 II / IPAD AIR 3 2019,4500
BATERIA IPAD PRO 11 2018,4500
BATERIA IPAD PRO 11 2020,4500
BATERIA IPAD PRO 12.9 2015,4500
BATERIA IPAD PRO 12.9 II/AIR 3 2017,4500
BATERIA IPHONE 11,1985
BATERIA IPHONE 11 PRO,3795
BATERIA IPHONE 11 PRO MAX,4595
BATERIA IPHONE 12,1995
BATERIA IPHONE 12 MINI,2985
BATERIA IPHONE 12 PRO,2385
BATERIA IPHONE 12 PRO MAX,2985
BATERIA IPHONE 13,3990
BATERIA IPHONE 13 MINI,3990
BATERIA IPHONE 13 PRO,3990
BATERIA IPHONE 13 PRO MAX,4990
BATERIA IPHONE 14,6990
BATERIA IPHONE 14 PRO,6990
BATERIA IPHONE 14 PRO MAX,7990
BATERIA IPHONE 5,1190
BATERIA IPHONE 5C,989
BATERIA IPHONE 5S,1285
BATERIA IPHONE 6,990
BATERIA IPHONE 6 PLUS,1095
BATERIA IPHONE 6S,1285
BATERIA IPHONE 6S PLUS,1395
BATERIA IPHONE 7,1285
BATERIA IPHONE 7 PLUS,1285
BATERIA IPHONE 8,1295
BATERIA IPHONE 8 PLUS,1895
BATERIA IPHONE SE,1195
BATERIA IPHONE SE 2020,1995
BATERIA IPHONE X,1990
BATERIA IPHONE XR,1705
BATERIA IPHONE XS,1885
BATERIA IPHONE XS MAX,2685
BATERIA LAPTOP XIAOMI R13BO2W,2990
BATERIA LENOVO IDEAL PAD C340 - 14API,2500
BATERIA LG D855,1590
BATERIA LG K10,1750
BATERIA LG Q6,1890
BATERIA MOTOROLA E4,1700
BATERIA MOTOROLA E4 PLUS / E5 PLUS - XT1771,1890
BATERIA MOTOROLA E6 PLAY,1800
BATERIA MOTOROLA E7 PLUS,1850
BATERIA MOTOROLA G4 PLAY / XT1642,1490
BATERIA MOTOROLA G5S PLUS / HG30 / XT1803 / XT1806 / XT1805,1900
BATERIA MOTOROLA G6 PLAY,1890
BATERIA MOTOROLA G7 / G7 PLAY,1890
BATERIA MOTOROLA G7 POWER / JK50 XT1955 / G30 / E7I POWER,1890
BATERIA MOTOROLA Z PLAY / XT1635-02,1890
BATERIA NOKIA 2,1200
BATERIA NOKIA 3.1 PLUS,1890
BATERIA NOKIA 5,1690
BATERIA NOKIA 5.1,1890
BATERIA NOKIA 6,1890
BATERIA NOKIA 6.1,1890
BATERIA NOKIA 7.1,1890
BATERIA NOKIA 8,1890
BATERIA PARA IPAD PRO A1674,2990
BATERIA SAMSUNG J1 2015,1200
BATERIA SAMSUNG J200 / G360,1290
BATERIA SAMSUNG A01,1690
BATERIA SAMSUNG A03 / A02S / A03S,1085
BATERIA SAMSUNG A10,985
BATERIA SAMSUNG A10S,1185
BATERIA SAMSUNG A11,1790
BATERIA SAMSUNG A20,1185
BATERIA SAMSUNG A20S,1185
BATERIA SAMSUNG A21,2200
BATERIA SAMSUNG A21S,1185
BATERIA SAMSUNG A30,1195
BATERIA SAMSUNG A30S,1185
BATERIA SAMSUNG A31 / A32,1185
BATERIA SAMSUNG A33,2190
BATERIA SAMSUNG A5 2016,1539
BATERIA SAMSUNG A5 2017 / A520,1690
BATERIA SAMSUNG A5 2018 / A530,1890
BATERIA SAMSUNG A50 / A50S,1195
BATERIA SAMSUNG A51,1785
BATERIA SAMSUNG A6 PLUS,1890
BATERIA SAMSUNG A7 / A7 2015,1890
BATERIA SAMSUNG A7 2018 / A750,1195
BATERIA SAMSUNG A70,1185
BATERIA SAMSUNG A71,1295
BATERIA SAMSUNG A8 2018 / A5 2018 / A539,985
BATERIA SAMSUNG A9 2018 / A92OF,1785
BATERIA SAMSUNG J1 MINI,1200
BATERIA SAMSUNG J110 / J1 ACE / J1 2015,980
BATERIA SAMSUNG J250 / J2 PRO / J500 / J2 PRIME / G532 / J3,1290
BATERIA SAMSUNG J3 2017 / J330 / J3 PRO,1200
BATERIA SAMSUNG J4 / J400,990
BATERIA SAMSUNG J4 2018,1390
BATERIA SAMSUNG J5 / J500 / J5 2015,1390
BATERIA SAMSUNG J5 PRIME / G5700,1390
BATERIA SAMSUNG J510 / J5 2016,1390
BATERIA SAMSUNG J7 / J700 / J7 2015,1490
BATERIA SAMSUNG J7 2018,1200
BATERIA SAMSUNG J7 PRIME,1890
BATERIA SAMSUNG J701 / J7 NEO,1200
BATERIA SAMSUNG J710 / J7 2016,1200
BATERIA SAMSUNG J730 / J7 2017 / J7 PRO,1590
BATERIA SAMSUNG NOTE 10,1890
BATERIA SAMSUNG NOTE 10 PLUS,2400
BATERIA SAMSUNG NOTE 2,1890
BATERIA SAMSUNG NOTE 20 ULTRA,2990
BATERIA SAMSUNG NOTE 3,990
BATERIA SAMSUNG NOTE 4,1290
BATERIA SAMSUNG NOTE 5,1490
BATERIA SAMSUNG NOTE 8,1890
BATERIA SAMSUNG NOTE 9,1950
BATERIA SAMSUNG S10,1890
BATERIA SAMSUNG S10 PLUS,1890
BATERIA SAMSUNG S10 PLUS 5G,1890
BATERIA SAMSUNG S10E,1600
BATERIA SAMSUNG S20,2290
BATERIA SAMSUNG S20 FE // A52,2290
BATERIA SAMSUNG S20 PLUS,2600
BATERIA SAMSUNG S20 ULTRA,2990
BATERIA SAMSUNG S21 / S21 PLUS,2290
BATERIA SAMSUNG S21 ULTRA,2990
BATERIA SAMSUNG S4,1200
BATERIA SAMSUNG S4 MINI,1200
BATERIA SAMSUNG S5,990
BATERIA SAMSUNG S5 MINI,990
BATERIA SAMSUNG S6,2190
BATERIA SAMSUNG S6 EDGE,2090
BATERIA SAMSUNG S6 EDGE PLUS,2090
BATERIA SAMSUNG S7,1990
BATERIA SAMSUNG S7 EDGE,2090
BATERIA SAMSUNG S8,1780
BATERIA SAMSUNG S8 PLUS,1780
BATERIA SAMSUNG S9,1790
BATERIA SAMSUNG S9 PLUS,2190
BATERIA SONY L1 / G3312,1200
BATERIA SONY M2,1890
BATERIA SONY XA1 G3112,1890
BATERIA SONY XA1 PLUS,1890
BATERIA SONY XA1 ULTRA G3212,1890
BATERIA SONY XZ3,1890
BATERIA SONY Z3 / Z3 DUAL,1890
BATERIA SONY Z5 PREMIUM E6853 / Z5 PREMIUM DUAL E6833,1890
BATERIA XIAOMI MI 8 / BM3E,1890
BATERIA XIAOMI MI 8 LITE / BM3J,1890
BATERIA XIAOMI MI 9 SE / BM3M,1890
BATERIA XIAOMI MI 9T / BP41 / BP40,1890
BATERIA XIAOMI MI A1 / BN31,1890
BATERIA XIAOMI MI A2 / MI 6X / BN36,1890
BATERIA XIAOMI MI A2 LITE / REDMI 6 PRO / BN47,1890
BATERIA XIAOMI MI A3 / BM4F,1990
BATERIA XIAOMI MI MAX 3 / BM51,1890
BATERIA XIAOMI MI MIX 2 / BM3B,1990
BATERIA XIAOMI NOTE 10 / BM52,1890
BATERIA XIAOMI NOTE 5A PRIME / BN31,1850
BATERIA XIAOMI NOTE 6 PRO / BN48,1890
BATERIA XIAOMI POCOPHONE F1 / BM4E,1890
BATERIA XIAOMI REDMI 4A / BN30,1850
BATERIA XIAOMI REDMI 4X / BM47,1200
BATERIA XIAOMI REDMI 5A / BN34,1500
BATERIA XIAOMI REDMI 5A PRIME / BM47,1850
BATERIA XIAOMI REDMI 5X / 5A / BN31 / BN34,1790
BATERIA XIAOMI REDMI 6 / BN37,1890
BATERIA XIAOMI REDMI 6A / BN37,1890
BATERIA XIAOMI REDMI 7,1890
BATERIA XIAOMI REDMI 8A / 8 /BN51 (BN54 -),1890
BATERIA XIAOMI REDMI 9A / BN56,1890
BATERIA XIAOMI REDMI 9C / BN56,1890
BATERIA XIAOMI REDMI GO / BM3A,1560
BATERIA XIAOMI REDMI NOTE 3 / NOTE 3 PRO / NOTE 3 PRIME / BM46,1890
BATERIA XIAOMI REDMI NOTE 3 PRO (4100MAH) / BM47,1890
BATERIA XIAOMI REDMI NOTE 4 / BN41,1890
BATERIA XIAOMI REDMI NOTE 4X / BN41 / BN43,1890
BATERIA XIAOMI REDMI NOTE 5 PRO / NOTE 5 / BN45,1890
BATERIA XIAOMI REDMI NOTE 5A / NOTE 5A PRIME / S2 / BN31,1890
BATERIA XIAOMI REDMI NOTE 7 / BN4A,1890
BATERIA XIAOMI REDMI NOTE 7 PRO / BN4A,1890
BATERIA XIAOMI REDMI NOTE 8 / NOTE 6 / 7 / BN46,1890
BATERIA XIAOMI REDMI NOTE 8 PRO / BM4J,1890
BATERIA XIAOMI REDMI NOTE 9 / BN54 / BN55,1890
BATERIA XIAOMI REDMI NOTE 9 PRO / BN53 / BN52,1890
BATERIA XIAOMI REDMI NOTE 9S / BM4W,1890
BATERIA XIAOMI REDMI S2 / BN31,1850
BISTURI ESCALPELO CURVO C/ 10 HOJAS,480
BISTURI ESCALPELO RECTO C/ 10 HOJAS,480
BISTURI TRINCHETA PRECISION 3 CUCHILLAS QIANLI RASPADOR 007 EDGE,1139
BOBINA DE ESTAÑO BEST 0.6 MM 50G,680
BOQUILLA ESTACION DE CALOR NK2064,900
BOQUILLA ESTACION DE CALOR NK2084,900
BOQUILLA INCLINADA ESTACION DE CALOR QUICK 861DW,900
BOTON HOME HUELLA HUAWEI P20,1590
CABLE 18 AWG WIRE 6 +2 PIN,400
CABLE 18 AWG WIRE 6 PIN PCIE,400
CABLE DE ALIMENTACION DE REPARACION IPOWER PARA ANDROID,1990
CABLE DE ALIMENTACION DE REPARACION IPOWER X IPHONE,6500
CABLE DE ALIMENTACION IBOOT PRO ANDROID / IPHONE W103A,1990
CABLE DE ALIMENTACION IPOWER PARA ANDROID W106,1990
CABLE DE SOLDADURA DE COBRE BOBINA 0.02 MM,350
CABLE DE SOLDADURA DE COBRE BOBINA 0.1 MM,350
CADETERIA - ENVIOS,295
CAJA ORGANIZADORA PARA REPARACION DE CELULARES SS-001A,450
CALIBRADOR FACE ID IPHONE 11 / 11 PRO / 11 PRO MAX,4250
CALIBRADOR FACE ID IPHONE X / XS / XS MAX / XR,3980
CAMARA TERMICA SUPER CAM 3D,73500
CARCASA IPHONE 11 BLANCA,7800
CARCASA IPHONE 11 PRO NEGRO,8500
CARCASA IPHONE 5S GRIS,1290
CARCASA IPHONE 7 BLANCA,3900
CARCASA IPHONE 7 NEGRA,3900
CARCASA IPHONE 8 BLANCA,4190
CARCASA IPHONE 8 DORADA,4190
CARCASA IPHONE 8 PLUS BLANCA,4800
CARCASA IPHONE 8 PLUS DORADO,4800
CARCASA IPHONE 8 PLUS ROSE GOLD,4800
CARCASA IPHONE SE 2020 NEGRA,4990
CARCASA IPHONE XR AZUL,5500
CARCASA IPHONE XS MAX BLANCA,4800
CARCASA IPHONE XS MAX NEGRO,4800
CARCASA SAMSUNG J7 PRIME DORADA DE OCASION,2450
CEPILLO DE LIMPIEZA ANTIESTATICO,320
CHEQUEO EQUIPO MOJADO 70,500
CHIPERA HUAWEI P30 PRO,1790
CINTA DOBLE FACE 2MM,400
CINTA DOBLE FACE 3MM,400
CINTA DOBLE FACE 5MM,400
CINTA KAPTON 10MM,240
CINTA KAPTON 20MM,240
CLIP SUJETADOR DE PANTALLA JF-856,250
CONECTOR DE CARGA ALCATEL 1B,1200
CONECTOR DE CARGA ALCATEL 3X 2019 / OT5048,1450
CONECTOR DE CARGA ALCATEL 3X 2020 / 5X,1450
CONECTOR DE CARGA ALCATEL OT6012/OT4033/LENOVO A708/S890,1450
CONECTOR DE CARGA CELULAR V12,1200
CONECTOR DE CARGA CELULAR V8,800
CONECTOR DE CARGA GOOGLE PIXEL 2XL,3000
CONECTOR DE CARGA HUAWEI MATE 10 LITE,1590
CONECTOR DE CARGA HUAWEI MATE 20,1890
CONECTOR DE CARGA HUAWEI NOVA 5T,1690
CONECTOR DE CARGA HUAWEI P SMART 2019,1500
CONECTOR DE CARGA HUAWEI P20 LITE,1690
CONECTOR DE CARGA HUAWEI P30,1725
CONECTOR DE CARGA HUAWEI P30 LITE,1590
CONECTOR DE CARGA HUAWEI P40 LITE,1790
CONECTOR DE CARGA HUAWEI P9 LITE,1500
CONECTOR DE CARGA HUAWEI P9 LITE SMART,1450
CONECTOR DE CARGA HUAWEI Y5 2019,1437
CONECTOR DE CARGA HUAWEI Y5 LITE,1667
CONECTOR DE CARGA HUAWEI Y5P,1690
CONECTOR DE CARGA HUAWEI Y6 2018,1750
CONECTOR DE CARGA HUAWEI Y6 2019 / Y6S,1590
CONECTOR DE CARGA HUAWEI Y7 2018,2100
CONECTOR DE CARGA HUAWEI Y7 2019,2173
CONECTOR DE CARGA HUAWEI Y8S,1520
CONECTOR DE CARGA HUAWEI Y9 2019,1690
CONECTOR DE CARGA HUAWEI Y9 PRIME,1690
CONECTOR DE CARGA HUAWEI Y9A,1690
CONECTOR DE CARGA HUAWEI Y9S,1690
CONECTOR DE CARGA MOTOROLA E5 PLUS,1690
CONECTOR DE CARGA MOTOROLA E7 PLUS / G9 PLAY,1690
CONECTOR DE CARGA MOTOROLA E7I / E7I POWER MC392,1690
CONECTOR DE CARGA MOTOROLA G7 / G7 PLUS / XT1962,1590
CONECTOR DE CARGA MOTOROLA G9 PLUS,1690
CONECTOR DE CARGA NOKIA 5.1 PLUS,1600
CONECTOR DE CARGA NOKIA 6 2017,1690
CONECTOR DE CARGA NOKIA 6.1 TA-1045,1690
CONECTOR DE CARGA NOKIA 625 LUMIA,1590
CONECTOR DE CARGA NOKIA G21,1890
CONECTOR DE CARGA SAMSUNG A015F,1200
CONECTOR DE CARGA SAMSUNG A015M,1200
CONECTOR DE CARGA SAMSUNG A02,1590
CONECTOR DE CARGA SAMSUNG A02S,1590
CONECTOR DE CARGA SAMSUNG A03,1690
CONECTOR DE CARGA SAMSUNG A03 CORE / A032,1690
CONECTOR DE CARGA SAMSUNG A03S,1690
CONECTOR DE CARGA SAMSUNG A04,1690
CONECTOR DE CARGA SAMSUNG A04E,1690
CONECTOR DE CARGA SAMSUNG A10,1500
CONECTOR DE CARGA SAMSUNG A10E / A102,1890
CONECTOR DE CARGA SAMSUNG A10S M15,1690
CONECTOR DE CARGA SAMSUNG A10S M16,1690
CONECTOR DE CARGA SAMSUNG A11,1590
CONECTOR DE CARGA SAMSUNG A12,1590
CONECTOR DE CARGA SAMSUNG A13 / A135,2490
CONECTOR DE CARGA SAMSUNG A20,1590
CONECTOR DE CARGA SAMSUNG A20S M12,1590
CONECTOR DE CARGA SAMSUNG A20S M14,1590
CONECTOR DE CARGA SAMSUNG A21,1490
CONECTOR DE CARGA SAMSUNG A21S,1690
CONECTOR DE CARGA SAMSUNG A225,1790
CONECTOR DE CARGA SAMSUNG A226,1790
CONECTOR DE CARGA SAMSUNG A235 M,1890
CONECTOR DE CARGA SAMSUNG A3,1500
CONECTOR DE CARGA SAMSUNG A30,1690
CONECTOR DE CARGA SAMSUNG A30S,1890
CONECTOR DE CARGA SAMSUNG A31,1700
CONECTOR DE CARGA SAMSUNG A32 / 5G,1890
CONECTOR DE CARGA SAMSUNG A325,1890
CONECTOR DE CARGA SAMSUNG A33,1790
CONECTOR DE CARGA SAMSUNG A5 2016,1890
CONECTOR DE CARGA SAMSUNG A5 2017,1890
CONECTOR DE CARGA SAMSUNG A50,1690
CONECTOR DE CARGA SAMSUNG A51,1700
CONECTOR DE CARGA SAMSUNG A52,1890
CONECTOR DE CARGA SAMSUNG A6 PLUS,1700
CONECTOR DE CARGA SAMSUNG A7 2018,1400
CONECTOR DE CARGA SAMSUNG A70,1490
CONECTOR DE CARGA SAMSUNG A71,1690
CONECTOR DE CARGA SAMSUNG A72 / A725,2300
CONECTOR DE CARGA SAMSUNG A8 2018,1690
CONECTOR DE CARGA SAMSUNG A80,1490
CONECTOR DE CARGA SAMSUNG A9 2018 / 0920F,1790
CONECTOR DE CARGA SAMSUNG J3,1490
CONECTOR DE CARGA SAMSUNG J4 PLUS,1400
CONECTOR DE CARGA SAMSUNG J5 PRIME,1690
CONECTOR DE CARGA SAMSUNG J6 PLUS,1800
CONECTOR DE CARGA SAMSUNG J7 PRIME,1500
CONECTOR DE CARGA SAMSUNG M20,1790
CONECTOR DE CARGA SAMSUNG M31,1490
CONECTOR DE CARGA SAMSUNG NOTE 10,2000
CONECTOR DE CARGA SAMSUNG NOTE 10 LITE,2290
CONECTOR DE CARGA SAMSUNG NOTE 10 N9700,2290
CONECTOR DE CARGA SAMSUNG NOTE 10 PLUS,2290
CONECTOR DE CARGA SAMSUNG NOTE 5,1500
CONECTOR DE CARGA SAMSUNG NOTE 9,2290
CONECTOR DE CARGA SAMSUNG S10 / S10E / S10 PLUS,2590
CONECTOR DE CARGA SAMSUNG S20,1990
CONECTOR DE CARGA SAMSUNG S20 FE 4G G780F,1990
CONECTOR DE CARGA SAMSUNG S20 FE 5G G781B / F,1990
CONECTOR DE CARGA SAMSUNG S20 PLUS,2590
CONECTOR DE CARGA SAMSUNG S20 ULTRA,2590
CONECTOR DE CARGA SAMSUNG S21,2590
CONECTOR DE CARGA SAMSUNG S21 PLUS,2590
CONECTOR DE CARGA SAMSUNG S21 ULTRA,2590
CONECTOR DE CARGA SAMSUNG S22 PLUS,2990
CONECTOR DE CARGA SAMSUNG S22 S901B,2890
CONECTOR DE CARGA SAMSUNG S22 ULTRA,3290
CONECTOR DE CARGA SAMSUNG S6,1590
CONECTOR DE CARGA SAMSUNG S6 EDGE,1650
CONECTOR DE CARGA SAMSUNG S6 EDGE PLUS,1600
CONECTOR DE CARGA SONY E5,1690
CONECTOR DE CARGA TCL 20SE,1890
CONECTOR DE CARGA TIPO C 13,2000
CONECTOR DE CARGA XIAOMI MI 11 LITE,1690
CONECTOR DE CARGA XIAOMI MI 8,1890
CONECTOR DE CARGA XIAOMI MI 8 LITE,1690
CONECTOR DE CARGA XIAOMI MI 9T,1990
CONECTOR DE CARGA XIAOMI MI A1,1450
CONECTOR DE CARGA XIAOMI MI A2,1700
CONECTOR DE CARGA XIAOMI MI A2 LITE / REDMI 6 PRO,1590
CONECTOR DE CARGA XIAOMI MI A3,1990
CONECTOR DE CARGA XIAOMI MI MIX 2,1590
CONECTOR DE CARGA XIAOMI MI NOTE 10,1890
CONECTOR DE CARGA XIAOMI NOTE 4,1250
CONECTOR DE CARGA XIAOMI NOTE 4X,1590
CONECTOR DE CARGA XIAOMI POCO X3,1890
CONECTOR DE CARGA XIAOMI POCOPHONE F1,1790
CONECTOR DE CARGA XIAOMI REDMI 10C,1790
CONECTOR DE CARGA XIAOMI REDMI 4X,1400
CONECTOR DE CARGA XIAOMI REDMI 5 PLUS (MEG7),1650
CONECTOR DE CARGA XIAOMI REDMI 6 / 6A,1400
CONECTOR DE CARGA XIAOMI REDMI 7,1690
CONECTOR DE CARGA XIAOMI REDMI 7A,1450
CONECTOR DE CARGA XIAOMI REDMI 8 /8A,1690
CONECTOR DE CARGA XIAOMI REDMI 9,1600
CONECTOR DE CARGA XIAOMI REDMI 9A,1600
CONECTOR DE CARGA XIAOMI REDMI 9C,1400
CONECTOR DE CARGA XIAOMI REDMI K50,1500
CONECTOR DE CARGA XIAOMI REDMI NOTE 10,1790
CONECTOR DE CARGA XIAOMI REDMI NOTE 10S,1890
CONECTOR DE CARGA XIAOMI REDMI NOTE 11,1500
CONECTOR DE CARGA XIAOMI REDMI NOTE 3 PRO,1300
CONECTOR DE CARGA XIAOMI REDMI NOTE 5,1690
CONECTOR DE CARGA XIAOMI REDMI NOTE 5 PLUS,1690
CONECTOR DE CARGA XIAOMI REDMI NOTE 5A / PRIME,1200
CONECTOR DE CARGA XIAOMI REDMI NOTE 7 / 7 PRO,1690
CONECTOR DE CARGA XIAOMI REDMI NOTE 8,1890
CONECTOR DE CARGA XIAOMI REDMI NOTE 8 PRO,1690
CONECTOR DE CARGA XIAOMI REDMI NOTE 8T,1890
CONECTOR DE CARGA XIAOMI REDMI NOTE 9,1500
CONECTOR DE CARGA XIAOMI REDMI NOTE 9S,1690
CONECTOR DE CARGA XIAOMI REDMI S2,1400
CONECTOR DE CARGA ZTE BLADE A71,1590
CONECTOR DE PLACA HUAWEI P9,1200
CONECTOR FLEX DE CARGA IPAD G6 2018 ( A1893 - A1954),2500
CONECTOR FPC PARA SAMSUNG A02S,2000
CONECTOR FPC PARA SAMSUNG A10,1500
CONECTOR FPC PARA SAMSUNG A10S M15,1500
CONECTOR FPC PARA SAMSUNG A10S M16,1500
CONECTOR FPC PARA SAMSUNG A11,1500
CONECTOR FPC PARA SAMSUNG A12 / A52 / A72,1500
CONECTOR FPC PARA SAMSUNG A20,1500
CONECTOR FPC PARA SAMSUNG A20S M12,1500
CONECTOR FPC PARA SAMSUNG A20S M14 / A21,1500
CONECTOR FPC PARA SAMSUNG A30,2000
CONECTOR FPC PARA SAMSUNG A40 / A70 / A31 / A71,2000
CONECTOR FPC PARA SAMSUNG A50,2000
DESBLOQUEO TARJETA PARA EQUIPOS IPHONE,3500
DESTORNILLADOR ELECTRICO JAKEMY Y02+,5900
DESTORNILLADOR ELECTRICO XIAOMI,2990
"DISPLAY APPLE MACBOOK PRO 13"" 2020 COMP. (A2338) SILVER",31400
DISPLAY APPLE WATCH S1 38MM,8184
DISPLAY APPLE WATCH S1 42MM,8184
DISPLAY APPLE WATCH S1 44MM,8184
DISPLAY APPLE WATCH S2 38MM,9990
DISPLAY APPLE WATCH S2 42MM,9990
DISPLAY APPLE WATCH S3 38 MM,160
DISPLAY APPLE WATCH S3 42 MM,160
DISPLAY APPLE WATCH S3 44MM,235
DISPLAY APPLE WATCH S4 40MM,240
DISPLAY APPLE WATCH S4 44MM,240
DISPLAY APPLE WATCH S5 40MM,8000
DISPLAY APPLE WATCH S5 44MM,265
DISPLAY APPLE WATCH S6 40MM,250
DISPLAY APPLE WATCH S6 44MM,6900
DISPLAY APPLE WATCH S7 41 MM,275
DISPLAY APPLE WATCH S7 45 MM,275
DISPLAY APPLE WATCH SE 40 MM,5500
DISPLAY APPLE WATCH SE 44MM,6500
DOCK TEST IOS,390
DOCK TEST TIPO C,390
DOCK TEST TIPO MICRO,390
ESPATULA JACKEMY JM-OP12,990
ESPATULA LIMPIADORA DE PEGAMENTO RELIFE RL-023,450
ESTACION DE CALOR SOLDADOR BAKU BK-600D,4690
ESTACION DE CALOR SOLDADOR BAKU BK-601D,4690
FLEX VOL + / - IPHONE 11,2590
FLEX VOL + / - IPHONE 11 PRO,2890
FLEX VOL + / - IPHONE 11 PRO MAX,3500
FLEX VOL + / - IPHONE X,1600
FLEX VOL + / - IPHONE XS,1800
FLEX VOL + / - IPHONE XS MAX,1800
FLEX ALTAVOZ HUAWEI P9,1200
FLEX ALTAVOZ HUAWEI P9 LITE,1200
FLEX ALTAVOZ HUAWEI P9 PLUS,1200
FLEX ALTAVOZ IPHONE XS MAX,1500
FLEX ALTAVOZ SAMSUNG J8,1600
FLEX ALTAVOZ SAMSUNG S10 PLUS,1600
FLEX ALTAVOZ SAMSUNG S20 ULTRA,1690
FLEX ALTAVOZ SAMSUNG S22 ULTRA,1800
FLEX ALTAVOZ SAMSUNG S9,1790
FLEX ALTAVOZ SONY X PERIA Z1,1800
FLEX ALTAVOZ SONY X PERIA Z2,1800
FLEX ALTAVOZ SONY Z5 PREMIUM,1800
FLEX ALTAVOZ XIAOMI REDMI NOTE 9,1200
FLEX ALTAVOZ XIAOMI REDMI NOTE 9S,1490
FLEX ANTENA SAMSUNG S20 PLUS LTE 5G,1500
FLEX AURICULAR IPHONE 11 + SENSOR PROXIMIDAD,1690
FLEX AURICULAR IPHONE 11 PRO MAX + SENSOR PROXIMIDAD,0
FLEX AURICULAR IPHONE 12,2890
FLEX AURICULAR IPHONE 12 PRO,3890
FLEX AURICULAR IPHONE 13,1900
FLEX AURICULAR IPHONE 13 MINI,1900
FLEX AURICULAR IPHONE 13 PRO,1500
FLEX AURICULAR IPHONE 13 PRO MAX,200
FLEX AURICULAR IPHONE 8,1690
FLEX AURICULAR IPHONE X,2288
FLEX AURICULAR IPHONE XR,2800
FLEX AURICULAR IPHONE XS + SENSOR PROXIMIDAD,2800
FLEX AURICULAR IPHONE XS MAX,2500
FLEX AURICULAR JACK 3.5 MM SONY Z5 PREMIUM,1790
FLEX AURICULAR SAMSUNG S22 ULTRA,0
FLEX BOTON HOME IPHONE 5S,1350
FLEX BOTON HOME IPHONE 6 / 6 PLUS BLANCO,690
FLEX BOTON HOME IPHONE 6 / 6 PLUS NEGRO,690
FLEX BOTON HOME IPHONE 6S / 6S PLUS BLANCO,690
FLEX BOTON HOME IPHONE 6S / 6S PLUS NEGRO,690
FLEX BOTON HOME IPHONE 7 / 8 / 7P / 8P BLANCO,990
FLEX BOTON HOME IPHONE 7 / 8 / 7P / 8P NEGRO,990
FLEX BOTON HOME IPHONE SE,1290
FLEX BOTON HOME SAMSUNG J7,1350
FLEX BOTON HOME SAMSUNG S5,1200
FLEX CAMARA FRONTAL IPHONE 12,1990
FLEX CAMARA FRONTAL IPHONE 12 MINI,0
FLEX CAMARA FRONTAL IPHONE 12 PRO,0
FLEX CAMARA FRONTAL IPHONE 12 PRO MAX,0
FLEX CAMARA FRONTAL IPHONE 5,1600
FLEX CAMARA FRONTAL IPHONE 5C,1600
FLEX CAMARA FRONTAL IPHONE 5S,1500
FLEX CAMARA FRONTAL IPHONE 6,1600
FLEX CAMARA FRONTAL IPHONE 6 PLUS,1990
FLEX CAMARA FRONTAL IPHONE 6S,1590
FLEX CAMARA FRONTAL IPHONE 6S PLUS,1900
FLEX CAMARA FRONTAL IPHONE 7,1700
FLEX CAMARA FRONTAL IPHONE 7 PLUS,1790
FLEX CAMARA FRONTAL IPHONE 8 / SE 2020,1490
FLEX CAMARA FRONTAL IPHONE 8 PLUS,1500
FLEX CAMARA FRONTAL IPHONE X,2600
FLEX CAMARA FRONTAL IPHONE XR,2690
FLEX CAMARA FRONTAL IPHONE XS,2690
FLEX CAMARA FRONTAL IPHONE XS MAX,2990
FLEX CAMARA FRONTAL SAMSUNG A217 / A21S,1990
FLEX CAMARA FRONTAL SAMSUNG J7,1200
FLEX CAMARA FRONTAL SAMSUNG J7 PRIME,1350
FLEX CAMARA FRONTAL SAMSUNG S20 FE 4G,1990
FLEX CAMARA FRONTAL SAMSUNG S20 FE 5G,1990
FLEX CAMARA FRONTAL SAMSUNG S20 PLUS,1500
FLEX CAMARA FRONTAL SAMSUNG S7,1450
FLEX CAMARA FRONTAL SELFIE HUAWEI P30 LITE,0
FLEX CAMARA FRONTAL SELFIE IPHONE 11,2490
FLEX CAMARA FRONTAL SELFIE IPHONE 11 PRO,6990
FLEX CAMARA FRONTAL SELFIE IPHONE 11 PRO MAX,7990
FLEX CAMARA FRONTAL SELFIE IPHONE 13,2000
FLEX CAMARA FRONTAL SELFIE IPHONE 13 MINI,2000
FLEX CAMARA FRONTAL SELFIE IPHONE 13 PRO,2990
FLEX CAMARA FRONTAL SELFIE IPHONE 13 PRO MAX,3990
FLEX CAMARA FRONTAL SELFIE IPHONE 14,3500
FLEX CAMARA FRONTAL SELFIE IPHONE 14 PLUS,3500
FLEX CAMARA FRONTAL SELFIE IPHONE 14 PRO,4000
FLEX CAMARA FRONTAL SELFIE IPHONE 14 PRO MAX,4500
FLEX CAMARA PRINCIPAL HUAWEI MATE 10 LITE,1690
FLEX CAMARA PRINCIPAL HUAWEI MATE 20 LITE,2190
FLEX CAMARA PRINCIPAL HUAWEI P10,1890
FLEX CAMARA PRINCIPAL HUAWEI P30 LITE,2440
FLEX CAMARA PRINCIPAL HUAWEI P9 LITE SMART,1500
FLEX CAMARA PRINCIPAL HUAWEI Y3 II,1400
FLEX CAMARA PRINCIPAL HUAWEI Y9 2019,1890
FLEX CAMARA PRINCIPAL IPHONE 11,4300
FLEX CAMARA PRINCIPAL IPHONE 11 PRO,7000
FLEX CAMARA PRINCIPAL IPHONE 11 PRO MAX,6000
FLEX CAMARA PRINCIPAL IPHONE 12,5990
FLEX CAMARA PRINCIPAL IPHONE 12 PRO,9990
FLEX CAMARA PRINCIPAL IPHONE 12 PRO MAX,9990
FLEX CAMARA PRINCIPAL IPHONE 13,7490
FLEX CAMARA PRINCIPAL IPHONE 13 MINI,4500
FLEX CAMARA PRINCIPAL IPHONE 13 PRO / 13 PRO MAX,8990
FLEX CAMARA PRINCIPAL IPHONE 14,6500
FLEX CAMARA PRINCIPAL IPHONE 14 PLUS,6990
FLEX CAMARA PRINCIPAL IPHONE 14 PRO,6990
FLEX CAMARA PRINCIPAL IPHONE 14 PRO MAX,7990
FLEX CAMARA PRINCIPAL IPHONE 6,1700
FLEX CAMARA PRINCIPAL IPHONE 6 PLUS,1800
FLEX CAMARA PRINCIPAL IPHONE 6S,1700
FLEX CAMARA PRINCIPAL IPHONE 6S PLUS,2600
FLEX CAMARA PRINCIPAL IPHONE 7,3790
FLEX CAMARA PRINCIPAL IPHONE 7 PLUS,3500
FLEX CAMARA PRINCIPAL IPHONE 8,4890
FLEX CAMARA PRINCIPAL IPHONE 8 PLUS,5550
FLEX CAMARA PRINCIPAL IPHONE SE 2020,4890
FLEX CAMARA PRINCIPAL IPHONE X,4590
FLEX CAMARA PRINCIPAL IPHONE XR,4990
FLEX CAMARA PRINCIPAL IPHONE XS / XS MAX,5590
FLEX CAMARA PRINCIPAL SAMSUNG A10S,1820
FLEX CAMARA PRINCIPAL SAMSUNG A127,1290
FLEX CAMARA PRINCIPAL SAMSUNG A30,"2719,99"
FLEX CAMARA PRINCIPAL SAMSUNG A32 / A325,1690
FLEX CAMARA PRINCIPAL SAMSUNG A7 2018 / A750,1990
FLEX CAMARA PRINCIPAL SAMSUNG A71,2000
FLEX CAMARA PRINCIPAL SAMSUNG J6,1800
FLEX CAMARA PRINCIPAL SAMSUNG J7,1450
FLEX CAMARA PRINCIPAL SAMSUNG J7 2016,1990
FLEX CAMARA PRINCIPAL SAMSUNG J7 PRIME,1450
FLEX CAMARA PRINCIPAL SAMSUNG S10,2000
FLEX CAMARA PRINCIPAL SAMSUNG S10E,3500
FLEX CAMARA PRINCIPAL SAMSUNG S20,2500
FLEX CAMARA PRINCIPAL SAMSUNG S20 FE 4G,2490
FLEX CAMARA PRINCIPAL SAMSUNG S20 FE 5G,2490
FLEX CAMARA PRINCIPAL SAMSUNG S20 PLUS,2500
FLEX CAMARA PRINCIPAL SAMSUNG S5,1200
FLEX CAMARA PRINCIPAL SAMSUNG S8,2250
FLEX CAMARA PRINCIPAL XIAOMI REDMI 9C,1800
FLEX CARGA INALAMBRICA C/ VOLUMEN IPHONE 11 PRO,1990
FLEX CARGA INALAMBRICA C/ VOLUMEN IPHONE 11 PRO MAX,3500
FLEX CARGA INALAMBRICA C/ VOLUMEN IPHONE 12 / 12 PRO,2500
FLEX CARGA INALAMBRICA C/ VOLUMEN IPHONE 12 MINI,2500
FLEX CARGA INALAMBRICA C/ VOLUMEN IPHONE 12 PRO MAX,2500
FLEX CARGA INALAMBRICA C/ VOLUMEN IPHONE 13,2500
FLEX CARGA INALAMBRICA C/ VOLUMEN IPHONE 13 MINI,2500
FLEX CARGA INALAMBRICA C/ VOLUMEN IPHONE 13 PRO,2500
FLEX CARGA INALAMBRICA C/ VOLUMEN IPHONE 13 PRO MAX,2500
FLEX CARGA INALAMBRICA C/ VOLUMEN IPHONE X,2500
FLEX CARGA INALAMBRICA C/ VOLUMEN IPHONE XS,2500
FLEX CARGA INALAMBRICA C/ VOLUMEN IPHONE XS MAX,3000
FLEX CARGA INALAMBRICA PARA IPHONE 11,1690
FLEX CARGA INALAMBRICA PARA IPHONE 8,2500
FLEX CARGA INALAMBRICA PARA IPHONE 8 PLUS,2500
FLEX CARGA INALAMBRICA PARA IPHONE XR,2500
FLEX CHIPERA CATERPILLLAR S50,2500
FLEX CONECTOR DE CARGA HUAWEI P SMART,1690
FLEX CONECTOR DE CARGA HUAWEI P10,1690
FLEX CONECTOR DE CARGA HUAWEI P20,1690
FLEX CONECTOR DE CARGA HUAWEI P20 PRO,1690
FLEX CONECTOR DE CARGA HUAWEI P30 PRO,2490
FLEX CONECTOR DE CARGA IPHONE 11,2990
FLEX CONECTOR DE CARGA IPHONE 11 PRO,3590
FLEX CONECTOR DE CARGA IPHONE 11 PRO MAX,2600
FLEX CONECTOR DE CARGA IPHONE 12 / 12 PRO,2600
FLEX CONECTOR DE CARGA IPHONE 12 MINI,2600
FLEX CONECTOR DE CARGA IPHONE 12 PRO MAX,2600
FLEX CONECTOR DE CARGA IPHONE 13,2600
FLEX CONECTOR DE CARGA IPHONE 13 MINI,2600
FLEX CONECTOR DE CARGA IPHONE 13 PRO,2600
FLEX CONECTOR DE CARGA IPHONE 13 PRO MAX,2600
FLEX CONECTOR DE CARGA IPHONE 5,1400
FLEX CONECTOR DE CARGA IPHONE 5S,1400
FLEX CONECTOR DE CARGA IPHONE 6,1490
FLEX CONECTOR DE CARGA IPHONE 6 PLUS,1690
FLEX CONECTOR DE CARGA IPHONE 6S,1590
FLEX CONECTOR DE CARGA IPHONE 6S PLUS,1890
FLEX CONECTOR DE CARGA IPHONE 7,1890
FLEX CONECTOR DE CARGA IPHONE 7 PLUS,1600
FLEX CONECTOR DE CARGA IPHONE 8,1600
FLEX CONECTOR DE CARGA IPHONE 8 PLUS,1990
FLEX CONECTOR DE CARGA IPHONE SE 2020,2190
FLEX CONECTOR DE CARGA IPHONE X,1990
FLEX CONECTOR DE CARGA IPHONE XR,1990
FLEX CONECTOR DE CARGA IPHONE XS,1990
FLEX CONECTOR DE CARGA IPHONE XS MAX,2200
FLEX CONECTOR DE CARGA LG M250 / X400 / K10 2017,1200
FLEX CONECTOR DE CARGA MOTOROLA E4 PLUS,1400
FLEX CONECTOR DE CARGA NOKIA 3.1,1200
FLEX CONECTOR DE CARGA SAMSUNG A53 / A536,2290
FLEX CONECTOR DE CARGA SAMSUNG S9 G960U,1990
FLEX CONECTOR DE CARGA SAMSUNG J6 / J8,1790
FLEX CONECTOR DE CARGA SAMSUNG NOTE 20,2290
FLEX CONECTOR DE CARGA SAMSUNG NOTE 20 ULTRA,2290
FLEX CONECTOR DE CARGA SAMSUNG NOTE 8,1990
FLEX CONECTOR DE CARGA SAMSUNG P5200 / GALAXY TAB 3,1400
FLEX CONECTOR DE CARGA SAMSUNG S5,1990
FLEX CONECTOR DE CARGA SAMSUNG S7 EDGE,1600
FLEX CONECTOR DE CARGA SAMSUNG S8,1490
FLEX CONECTOR DE CARGA SAMSUNG S8 PLUS,1700
FLEX CONECTOR DE CARGA SAMSUNG S9,1990
FLEX CONECTOR DE CARGA SAMSUNG S9 G9600,1990
FLEX CONECTOR DE CARGA SAMSUNG S9 PLUS,1990
FLEX CONECTOR DE CARGA SONY XPERIA XZ PREMIUM,1350
FLEX CONECTOR DE CARGA XIAOMI REDMI 6A,1490
FLEX CONECTOR DE CARGA XIAOMI REDMI NOTE 9 PRO,1890
FLEX CONECTOR JACK SAMSUNG J400,1490
FLEX FACE ID JC IPHONE 11,2500
FLEX FACE ID JC IPHONE 11 PRO,2500
FLEX FACE ID JC IPHONE 11 PRO MAX,2500
FLEX FACE ID JC IPHONE 12,3000
FLEX FACE ID JC IPHONE 12 MINI,3000
FLEX FACE ID JC IPHONE 12 PRO,3000
FLEX FACE ID JC IPHONE 12 PRO MAX,3000
FLEX FACE ID JC IPHONE 13,3600
FLEX FACE ID JC IPHONE 13 PRO,1500
FLEX FACE ID JC IPHONE 13 PRO MAX,1500
FLEX FACE ID JC IPHONE X,1500
FLEX FACE ID JC IPHONE XR,1500
FLEX FACE ID JC IPHONE XS,1500
FLEX FACE ID JC IPHONE XS MAX,1500
FLEX HUELLA HUAWEI MATE 20,799
FLEX HUELLA HUAWEI Y7A / P SMART 2021,1500
FLEX HUELLA HUAWEI Y9 2019,1700
FLEX HUELLA HUAWEI Y9A,1500
FLEX HUELLA HUAWEI Y9S,1690
FLEX HUELLA MOTOROLA E7I POWER,960
FLEX HUELLA MOTOROLA E9 PLUS / G9 PLUS,690
FLEX HUELLA XIAOMI REDMI 9T,1390
FLEX HUELLA XIAOMI REDMI NOTE 9,1200
FLEX HUELLA XIAOMI REDMI NOTE 9S,1300
FLEX IPAD 2 VOL / ENCENDIDO Y APAGADO,1800
FLEX IPHONE 13 FLASH LED,2800
FLEX IPHONE 5S BOTON ENCENDIDO VOL + / -,1450
FLEX JCID BATERIA IPHONE 11,1000
FLEX JCID BATERIA IPHONE 11 PRO /11 PRO MAX,65
FLEX JCID BATERIA IPHONE 12 / 12 PRO / 12 MINI,70
FLEX JCID BATERIA IPHONE 12 PRO MAX,70
FLEX JCID BATERIA IPHONE 13 / 13 MINI,75
FLEX JCID BATERIA IPHONE 13 PRO / 13 PRO MAX,75
FLEX ON / OFF HUAWEI P9 LITE,1550
FLEX ON OFF HUAWEI NOVA 5T,1200
FLEX ON OFF SONY XZ PREMIUM,1500
FLEX ON OFF XIAOMI MI A1 POWER ON/OFF,1200
FLEX ON OFF XIAOMI REDMI NOTE 9S,1290
FLEX PLACA PRINCIPAL A CARGA HUAWEI MATE 20 LITE,1500
FLEX PLACA PRINCIPAL A CARGA HUAWEI Y9 PRIME 2019,1500
FLEX PLACA PRINCIPAL A CARGA SAMSUNG A02S,1500
FLEX PLACA PRINCIPAL A CARGA SAMSUNG A10,750
FLEX PLACA PRINCIPAL A CARGA SAMSUNG A10S M15,1290
FLEX PLACA PRINCIPAL A CARGA SAMSUNG A10S M16,1290
FLEX PLACA PRINCIPAL A CARGA SAMSUNG A11,1200
FLEX PLACA PRINCIPAL A CARGA SAMSUNG A12,1500
FLEX PLACA PRINCIPAL A CARGA SAMSUNG A20,1490
FLEX PLACA PRINCIPAL A CARGA SAMSUNG A20S M12,1490
FLEX PLACA PRINCIPAL A CARGA SAMSUNG A20S M14,1490
FLEX PLACA PRINCIPAL A CARGA SAMSUNG A21,1790
FLEX PLACA PRINCIPAL A CARGA SAMSUNG A30,990
FLEX PLACA PRINCIPAL A CARGA SAMSUNG A30S,1490
FLEX PLACA PRINCIPAL A CARGA SAMSUNG A31,1490
FLEX PLACA PRINCIPAL A CARGA SAMSUNG A32 4G (A325 2021),1800
FLEX PLACA PRINCIPAL A CARGA SAMSUNG A32 5G (A326 2021),1800
FLEX PLACA PRINCIPAL A CARGA SAMSUNG A33 / A336,1600
FLEX PLACA PRINCIPAL A CARGA SAMSUNG A40,1500
FLEX PLACA PRINCIPAL A CARGA SAMSUNG A50,1490
FLEX PLACA PRINCIPAL A CARGA SAMSUNG A51 4G / A515 2019,1790
FLEX PLACA PRINCIPAL A CARGA SAMSUNG A52 4G,1200
FLEX PLACA PRINCIPAL A CARGA SAMSUNG A53 / A536,1200
FLEX PLACA PRINCIPAL A CARGA SAMSUNG A70,1490
FLEX PLACA PRINCIPAL A CARGA SAMSUNG A71,990
FLEX PLACA PRINCIPAL A CARGA SAMSUNG A725,1200
FLEX PLACA PRINCIPAL A CARGA SAMSUNG A80,1500
FLEX PLACA PRINCIPAL A CARGA SAMSUNG NOTE 20,1500
FLEX PLACA PRINCIPAL A CARGA SAMSUNG NOTE 20 ULTRA,1500
FLEX PLACA PRINCIPAL A CARGA SAMSUNG S20 ULTRA,1400
FLEX PLACA PRINCIPAL A CARGA SAMSUNG S21 PLUS,1280
FLEX PLACA PRINCIPAL A CARGA XIAOMI POCO X3,1690
FLEX PLACA PRINCIPAL A CARGA XIAOMI REDMI NOTE 9,1200
FLEX PLACA PRINCIPAL A CARGA XIAOMI REDMI NOTE 9S / 9 PRO,1200
FLEX PLACA PRINCIPAL A PLACA DE CARGA SAMSUNG A72,2500
FLEX PLACA PRINCIPAL SAMSUNG S20 PLUS,1500
FLEX PLACA PRINCIPAL SAMSUNG S21 ULTRA,1480
FLEX POWER MOTOROLA XT1754 MOTO C,1690
FLEX POWER ON / OFF IPHONE 6,1300
FLEX POWER ON / OFF NOKIA 6,800
FLEX POWER ON / OFF SAMSUNG A032,1300
FLEX POWER ON / OFF XIAOMI MI A3,1390
FLEX POWER ON / OFF XIAOMI POCO X3,1290
FLEX POWER ON /OFF MOTOROLA G9 PLUS,800
FLEX POWER ON/OFF HUAWEI P SMART 2019,1495
FLEX POWER ON/OFF HUAWEI P20,1500
FLEX POWER ON/OFF HUAWEI P30,1300
FLEX POWER ON/OFF HUAWEI P9 LITE SMART,1250
FLEX POWER ON/OFF HUAWEI Y5 2019,1350
FLEX POWER ON/OFF HUAWEI Y6 2019,1250
FLEX POWER ON/OFF HUAWEI Y9 2019,1200
FLEX POWER ON/OFF HUAWEI Y9 PRIME 2019,1380
FLEX POWER ON/OFF HUAWEI Y9A,1500
FLEX POWER ON/OFF IPHONE 11,2100
FLEX POWER ON/OFF IPHONE 11 PRO,2300
FLEX POWER ON/OFF IPHONE 11 PRO MAX,2500
FLEX POWER ON/OFF IPHONE 7,1400
FLEX POWER ON/OFF IPHONE 7 PLUS,1400
FLEX POWER ON/OFF IPHONE VOL + / - 8 PLUS,1790
FLEX POWER ON/OFF IPHONE X,1500
FLEX POWER ON/OFF IPHONE XS,1700
FLEX POWER ON/OFF IPHONE XS MAX,1900
FLEX POWER ON/OFF SAMSUNG A10,1300
FLEX POWER ON/OFF SAMSUNG A10S,1200
FLEX POWER ON/OFF SAMSUNG A12 2020 ( CON LECTOR DE HUELLAS),1590
FLEX POWER ON/OFF SAMSUNG A315 / A31,1290
FLEX POWER ON/OFF SAMSUNG A7 2018,2290
FLEX POWER ON/OFF SAMSUNG S10E,1400
FLEX POWER ON/OFF SAMSUNG S8 PLUS,1150
FLEX POWER ON/OFF SAMSUNG S9,1300
FLEX POWER ON/OFF VOL + / - IPHONE 12 / 12 PRO,3500
FLEX POWER ON/OFF VOL + / - IPHONE 12 MINI,3900
FLEX POWER ON/OFF VOL + / - IPHONE 12 PRO MAX,4300
FLEX POWER ON/OFF VOL + / - IPHONE 13,4900
FLEX POWER ON/OFF VOL + / - IPHONE 13 MINI,5200
FLEX POWER ON/OFF VOL + / - IPHONE 13 PRO,5500
FLEX POWER ON/OFF VOL + / - IPHONE 13 PRO MAX,5800
FLEX POWER ON/OFF VOL + / - IPHONE 8,1600
FLEX POWER ON/OFF VOL + / - IPHONE XR,1700
FLEX POWER ON/OFF VOL +/- SONY X3,1200
FLEX POWER ON/OFF XIAOMI MI 9,1600
FLEX POWER ON/OFF XIAOMI NOTE 4,1690
FLEX POWER ON/OFF XIAOMI REDMI 10,1250
FLEX POWER ON/OFF XIAOMI REDMI 8A,1690
FLEX POWER SENSOR DE HUELLA XIAOMI MI 11 LITE,1590
FLEX POWER SONY Z5,1000
FLEX POWER VOLUME +/- XIAOMI REDMI NOTE 11,1690
FLEX SAMSUNG J600 / J810 MICROFONO Y JACK 3.5 MM,1790
FLEX SENSOR DE HUELLA GOOGLE PIXEL 6,1500
FLEX SENSOR DE HUELLA SAMSUNG A31,1320
FLEX SENSOR DE HUELLA SAMSUNG NOTE 8,1500
FLEX SENSOR DE HUELLA SAMSUNG S20 FE,1500
FLEX SENSOR DE HUELLAS HUAWEI HONOR 8X,1500
FLEX SENSOR DE PROXIMIDAD IPHONE 13,2500
FLEX SENSOR DE PROXIMIDAD IPHONE 13 MINI,2500
FLEX SENSOR DE PROXIMIDAD IPHONE 13 PRO,2500
FLEX SENSOR DE PROXIMIDAD IPHONE 13 PRO MAX,2500
FLEX SENSOR PROXIMIDAD IPHONE 12 MINI,2500
FLEX SENSOR PROXIMIDAD IPHONE 12 PRO MAX,2500
FLEX SENSOR PROXIMIDAD IPHONE XS,1300
FLEX SENSOR PROXIMIDAD HUAWEI P30,1500
FLEX SENSOR PROXIMIDAD IPHONE 11 PRO,2590
FLEX SENSOR PROXIMIDAD IPHONE 5C,1450
FLEX SENSOR PROXIMIDAD IPHONE X,1750
FLEX SENSOR PROXIMIDAD IPHONE XR,1800
FLEX SENSOR PROXIMIDAD SONY Z5 PREMIUM,1500
FLEX VIBRADOR HUAWEI P9,1200
FLEX VIBRADOR SONY Z5 PREMIUM,650
FLEX VOL +/- IPHONE XR,1990
FLEX VOLUMEN + / - SAMSUNG A12 / A125,1590
FLEX VOLUMEN IPHONE 11,2000
FLIR ONE CAMARA DE IMAGENES TERMICAS PARA IOS,22000
FLUX EN PASTA RELIFE RL-420-UV TIPO JERINGA,570
FLUX EN PASTA RELIFE RL-421,820
FLUX RELIFE 10 CC,400
FUENTE ALIMENTACION REGULABLE BEST 1502DD,2450
GUANTES ANTIESTATICOS DE TELA GRIS,590
GUANTES ANTIESTATICOS FIBRA DE CARBON AS-02,590
GUANTES DE LATEX NEGRO AMMEX X100,1990
HERRAMIENTA DE APERTURA JAKEMY PARA PANTALLAS JM-OP05,1890
INSTALACION DE WINDOWS,1500
INSTALACION MAC OS,2500
INTEGRADO DE CARGA SAMSUNG SERIE A,0
INTEGRADO DE CARGA U2,420
INTEGRADO IPHONE MENSAJE EN PANTALLA,0
IPOWER PRO MAX QIANLI-CABLE DE PRUEBA PARA IPHONE 11 12 13,3470
JACK DE AUDIO SAMSUNG S9 PLUS,1690
KAISI SOPORTE MAGNETICO K-1208,2300
KIT COMPRESOR - AEROGRAFO INALAMBRICO NEGRO,4900
KIT DESTORNILLADOR JF-64B,890
KIT DESTORNILLADORES PARA IPHONE SW-8172,850
KIT PISTOLA GRAPADORA SOLDADORA DE PLASTICO,1935
KIT SOLDADOR DE ESTAÑO,2250
KIT SOLDADOR DE PUNTO 12V - 14.6V 90-150 A PARA ARMAR,2500
LCD IPAD 5 A1822 / A1823 - IPAD AIR A1474 / A1475 - IPAD 6,4990
LCD IPAD 7 A2197 / A2198 / A2200 - IPAD 8,4990
LCD IPAD AIR 2 A1566 / A1567,180
LCD IPAD MINI 2 A1489 / A1490 / A1491,4300
LCD IPAD MINI A1432 / A1451 / A1455,4100
LCD MICROSCOPIO TRINOCULAR MONITOR,1199
LCD PANTALLA MACBOOK A1932 GRIS,37500
LCD SAMSUNG J2 PRIME,1500
LCD TABLET SAMSUNG GT- N8000,3900
LENS DE CAMARA HUAWEI HONOR X8 4G,990
LENS DE CAMARA HUAWEI NOVA 9 SE,790
LENS DE CAMARA HUAWEI P20,690
LENS DE CAMARA HUAWEI P30,1220
LENS DE CAMARA HUAWEI P30 LITE,890
LENS DE CAMARA HUAWEI P40 LITE,690
LENS DE CAMARA HUAWEI Y9 2019,690
LENS DE CAMARA HUAWEI Y9 PRIME 2019,690
LENS DE CAMARA IPHONE 11,1500
LENS DE CAMARA IPHONE 11 PRO,1500
LENS DE CAMARA IPHONE 11 PRO MAX,1500
LENS DE CAMARA IPHONE 12 / 12 PRO,1500
LENS DE CAMARA IPHONE 12 MINI,990
LENS DE CAMARA IPHONE 12 PRO MAX,1500
LENS DE CAMARA IPHONE 13 / 13 MINI,2000
LENS DE CAMARA IPHONE 13 PRO / 13 PRO MAX,2500
LENS DE CAMARA IPHONE 14,2500
LENS DE CAMARA IPHONE 14 PLUS,2500
LENS DE CAMARA IPHONE 14 PRO,2500
LENS DE CAMARA IPHONE 14 PRO MAX,2500
LENS DE CAMARA IPHONE 6,690
LENS DE CAMARA IPHONE 6 PLUS,690
LENS DE CAMARA IPHONE 6S,690
LENS DE CAMARA IPHONE 6S PLUS,690
LENS DE CAMARA IPHONE 7,690
LENS DE CAMARA IPHONE 7 PLUS,690
LENS DE CAMARA IPHONE 8,690
LENS DE CAMARA IPHONE 8 PLUS,690
LENS DE CAMARA IPHONE X,690
LENS DE CAMARA IPHONE XS,690
LENS DE CAMARA IPHONE XS MAX,690
LENS DE CAMARA MOTOROLA E7I POWER / XT2097,690
LENS DE CAMARA MOTOROLA G30 / XT2129,690
LENS DE CAMARA MOTOROLA G9 PLUS / XT2087,1200
LENS DE CAMARA PRINCIPAL IPHONE XR,800
LENS DE CAMARA SAMSUNG A01,890
LENS DE CAMARA SAMSUNG A02 / A022,690
LENS DE CAMARA SAMSUNG A10,690
LENS DE CAMARA SAMSUNG A10S,690
LENS DE CAMARA SAMSUNG A12,790
LENS DE CAMARA SAMSUNG A125/A12,690
LENS DE CAMARA SAMSUNG A13,690
LENS DE CAMARA SAMSUNG A20,690
LENS DE CAMARA SAMSUNG A20S,690
LENS DE CAMARA SAMSUNG A21,690
LENS DE CAMARA SAMSUNG A21S,690
LENS DE CAMARA SAMSUNG A22 4G,690
LENS DE CAMARA SAMSUNG A30,690
LENS DE CAMARA SAMSUNG A30S,690
LENS DE CAMARA SAMSUNG A31,690
LENS DE CAMARA SAMSUNG A40,690
LENS DE CAMARA SAMSUNG A41,690
LENS DE CAMARA SAMSUNG A50,690
LENS DE CAMARA SAMSUNG A50S / A70,690
LENS DE CAMARA SAMSUNG A51,690
LENS DE CAMARA SAMSUNG A70,690
LENS DE CAMARA SAMSUNG A71,690
LENS DE CAMARA SAMSUNG NOTE 20,900
LENS DE CAMARA SAMSUNG S20,990
LENS DE CAMARA SAMSUNG S20 FE,990
LENS DE CAMARA SAMSUNG S20 ULTRA NEGRO,990
LENS DE CAMARA SAMSUNG S22 ULTRA,990
LENS DE CAMARA XIAOMI MI A1,690
LENS DE CAMARA XIAOMI NOTE 10 / 10 PRO,690
LENS DE CAMARA XIAOMI REDMI 10,950
LENS DE CAMARA XIAOMI REDMI 10C,690
LENS DE CAMARA XIAOMI REDMI 9A,690
LENS DE CAMARA XIAOMI REDMI 9C,690
LENS DE CAMARA XIAOMI REDMI NOTE 10 4G,690
LENS DE CAMARA XIAOMI REDMI NOTE 10 5G,690
LENS DE CAMARA XIAOMI REDMI NOTE 10 PRO,990
LENS DE CAMARA XIAOMI REDMI NOTE 10S,690
LENS DE CAMARA XIAOMI REDMI NOTE 11,650
LENS DE CAMARA XIAOMI REDMI NOTE 11 PRO,650
LENS DE CAMARA XIAOMI REDMI NOTE 11S,650
LENS DE CAMARA XIAOMI REDMI NOTE 7,690
LENS DE CAMARA XIAOMI REDMI NOTE 8,690
LENS DE CAMARA XIAOMI REDMI NOTE 8 PRO / 8T,690
LENS DE CAMARA XIAOMI REDMI NOTE 9 / 9S / 9 PRO,690
LIBERACION DE RED CELULAR AG,2500
LIMPIEZA DE CONECTOR,500
LINTERNA LUZ UV VERDE LY-UVH900/700,500
LIQUIDO PARA LIMPIADOR ULTRASONICO,650
LUZ LED AMSCOPE PARA MICROSCOPIO,4380
MANO DE OBRA,1000
MAQUINA CORTADORA DE HIDROGEL SS890-C,45000
MAQUINA LASER PARA TAPAS TBK-958B,155000
MICROFONO SAMSUNG,890
MICROSCOPIO TRINOCULAR CON MONITOR,990
MINI TORNO DREMEL WL-800 24 PCS,1990
MULTIMETRO DIGITAL,3980
ORGANIZADOR DE MADERA HERRAMIENTAS CELULARES Y PC,"624,75"
ORGANIZADORA PLASTICO HERRAMIENTAS Y PC,790
"PANTALLA APPLE MACBOOK AIR 13.3"" COMP (A2179) SILVER",26600
PANTALLA IPAD 11 PRO A2068 / A2228 / A2230 / A2231 2º GEN,19800
PANTALLA IPAD PRO 11 2018 A1934 / A1980,14990
PANTALLA ALCATEL 1SE / TCL T PRO / 5130M / 5030M,2400
PANTALLA ALCATEL 3X 2020 / 5X,3790
PANTALLA ALCATEL IDOL 2S,1400
PANTALLA ALCATEL OT 6012,1890
PANTALLA ALCATEL OT 6034,1400
"PANTALLA ALCATEL OT5061U / 3X 2019 / 3X 2020 / 5048A/ FPC6503-1 / TCL T9 6.5"" / 10 SE T766J 6",3790
"PANTALLA APPLE MACBOOK AIR 13"" COMP. SILVER (A1466)",20500
"PANTALLA APPLE MACBOOK AIR M1 13"" COMP (A2337) SILVER",26500
"PANTALLA APPLE MACBOOK PRO 13"" 2013-2014 COMP. PLATEADO (A1502)",43200
"PANTALLA APPLE MACBOOK PRO 13.3"" COMP. (A1989/A2159/A2251/A2289) SPACE GRAY",26340
PANTALLA GOOGLE PIXEL 3XL,7500
PANTALLA GOOGLE PIXEL 4A,9990
PANTALLA GOOGLE PIXEL 4XL,8038
PANTALLA GOOGLE PIXEL 5A 5G,7990
PANTALLA GOOGLE PIXEL 6,9990
PANTALLA HONOR X6S,3135
PANTALLA HONOR X7 / PLAY 6T / HONOR PLAY 30 PLUS,1990
PANTALLA HONOR X8 (TFI-LX3),2500
PANTALLA HUAWEI HONOR 10 LITE,3090
PANTALLA HUAWEI HONOR 8X,2870
PANTALLA HUAWEI HONOR X8 (TFI-LX3),3480
PANTALLA HUAWEI MATE 10,3685
PANTALLA HUAWEI MATE 10 LITE,2185
PANTALLA HUAWEI MATE 20 LITE / NOVA 3I,2171
PANTALLA HUAWEI MATE 20 ORI/CH,6485
PANTALLA HUAWEI MATE 20 ORIGINAL,9890
PANTALLA HUAWEI MATE 40 PRO,21990
PANTALLA HUAWEI MATE 9,3195
PANTALLA HUAWEI MATE 9 LITE / HONOR 6X BLANCO,1790
PANTALLA HUAWEI MATE 9 LITE/ HONOR 6X NEGRO,1790
PANTALLA HUAWEI MATE PAD T10,1890
PANTALLA HUAWEI NOVA 10,4500
PANTALLA HUAWEI NOVA 2 PLUS,2990
PANTALLA HUAWEI NOVA 5T / NOVA 5I PRO / HONOR 20 / 20S / 20 PRO (2019),1795
PANTALLA HUAWEI NOVA 8I,2785
PANTALLA HUAWEI NOVA 9,12895
PANTALLA HUAWEI NOVA 9SE,3485
PANTALLA HUAWEI NOVA Y60,2245
PANTALLA HUAWEI NOVA Y70,2385
PANTALLA HUAWEI NOVA Y90,3294
PANTALLA HUAWEI P SMART,2485
PANTALLA HUAWEI P SMART / ENJOY 7S CON MARCO BLANCO (FIG-LX3),3560
PANTALLA HUAWEI P SMART 2019 POT LX3 ORIGINAL,2285
PANTALLA HUAWEI P SMART 2019 CON MARCO NEGRA (POT-LX3),1945
PANTALLA HUAWEI P SMART 2021 / Y7A /,2785
PANTALLA HUAWEI P10,2085
PANTALLA HUAWEI P10 LITE,1285
PANTALLA HUAWEI P10 SELFIE,1595
PANTALLA HUAWEI P20 (EML-L09),2745
PANTALLA HUAWEI P20 LITE,1885
PANTALLA HUAWEI P20 ORI (02351WKF),4490
PANTALLA HUAWEI P20 PRO,4485
PANTALLA HUAWEI P30 0RI / GLASS (02352NLL),9895
PANTALLA HUAWEI P30 0RIGINAL,6495
PANTALLA HUAWEI P30 LITE CON MARCO,3795
PANTALLA HUAWEI P30 LITE ORI / CHI (MAR-LX3A),1945
PANTALLA HUAWEI P30 OLED 1:1,7400
PANTALLA HUAWEI P30 PRO,8693
PANTALLA HUAWEI P40 LITE (JNY-L21A),1895
PANTALLA HUAWEI P8 LITE (ALE-L21),1075
PANTALLA HUAWEI P9,2085
PANTALLA HUAWEI P9 LITE,1995
PANTALLA HUAWEI P9 LITE SMART,1920
PANTALLA HUAWEI Y3 II,1489
PANTALLA HUAWEI Y5 2016 / Y5 II,1985
PANTALLA HUAWEI Y5 2018 / HONOR 7S,1595
PANTALLA HUAWEI Y5 2019,1445
PANTALLA HUAWEI Y5 2019 C/ MARCO,2500
PANTALLA HUAWEI Y5 LITE NEGRA,1650
PANTALLA HUAWEI Y5P Y5 PRIME,2380
PANTALLA HUAWEI Y6 2018 / HONOR 7A,1645
PANTALLA HUAWEI Y6 2019 / HONOR 8A / Y6S,1695
PANTALLA HUAWEI Y6P / HONOR 9A,1795
PANTALLA HUAWEI Y7 2017,2275
PANTALLA HUAWEI Y7 2018,1815
PANTALLA HUAWEI Y7 2019 (DUB-LX2),1785
PANTALLA HUAWEI Y7 PRIME,2490
PANTALLA HUAWEI Y7P / P40 LITE E,2485
PANTALLA HUAWEI Y8P,6739
PANTALLA HUAWEI Y9 2019 / Y8S (JKM-LX3),1985
PANTALLA HUAWEI Y9 PRIME 2019 C/ MARCO,3195
PANTALLA HUAWEI Y9 PRIME 2019 (STK-LX3) Y10 2019,2095
PANTALLA HUAWEI Y9A (FRL-L23),2895
PANTALLA HUAWEI Y9S (STK-LX3),2485
PANTALLA INFINIX HOT 10 LITE / SMART 5 X657,2300
PANTALLA IPAD 2 A1395 / A1396 / A1397,3400
PANTALLA IPAD AIR A1474 / A1475,6590
PANTALLA IPAD AIR 2 - A1566 / A1567,8990
PANTALLA IPAD MINI 3 A1599 / A1600 / A1601,4990
PANTALLA IPAD MINI 4 A1538 / A1550,6990
PANTALLA IPAD PRO 10.5 BLANCO A1701 / A1709 2º GEN,9390
PANTALLA IPAD PRO 10.5 NEGRO A1701 / A1709 2º GEN,9390
PANTALLA IPAD PRO 12.9 A1670 / A1671 / A1652 2º GEN BLANCO,15990
PANTALLA IPHONE SE 2020 / SE 2022 NEGRO,2500
PANTALLA IPHONE 11,4900
PANTALLA IPHONE 11 INCELL (ORI IC),2595
PANTALLA IPHONE 11 ORIGINAL,6880
PANTALLA IPHONE 11 PRO MAX,12890
PANTALLA IPHONE 11 PRO OLED,5990
PANTALLA IPHONE 11 PRO ORI/GLASS,7985
PANTALLA IPHONE 12 / 12 PRO,16980
PANTALLA IPHONE 12 / 12 PRO INCELL (ORI IC),6320
PANTALLA IPHONE 12 / 12 PRO OLED (YK),8260
PANTALLA IPHONE 12 MINI,15985
PANTALLA IPHONE 12 MINI INCELL (ORI IC),7395
PANTALLA IPHONE 12 PRO MAX,18985
PANTALLA IPHONE 12 PRO MAX INCELL (ORI IC),8985
PANTALLA IPHONE 12 PRO MAX OLED (YK),10125
PANTALLA IPHONE 13,21590
PANTALLA IPHONE 13 (ORI GLASS),16300
PANTALLA IPHONE 13 INCELL (ORI IC),7895
PANTALLA IPHONE 13 MINI,24590
PANTALLA IPHONE 13 MINI INCELL (ORI IC),10000
PANTALLA IPHONE 13 PRO,23790
PANTALLA IPHONE 13 PRO (ORI GLASS),19990
PANTALLA IPHONE 13 PRO MAX,23990
PANTALLA IPHONE 13 PRO MAX (ORI GLASS),25590
PANTALLA IPHONE 14,22500
PANTALLA IPHONE 14 (ORI GLASS),19990
PANTALLA IPHONE 14 INCELL,14985
PANTALLA IPHONE 14 PLUS,17990
PANTALLA IPHONE 14 PLUS INCELL (ORI IC),17985
PANTALLA IPHONE 14 PRO,29990
PANTALLA IPHONE 14 PRO (ORI CHANGED GLASS),19990
PANTALLA IPHONE 14 PRO MAX,31590
PANTALLA IPHONE 14 PRO MAX (ORI CHANGED GLASS),21985
PANTALLA IPHONE 4 NEGRO,1200
PANTALLA IPHONE 5 BLANCA,1290
PANTALLA IPHONE 5 NEGRO,1290
PANTALLA IPHONE 5C,1300
PANTALLA IPHONE 5S / SE BLANCA,1490
PANTALLA IPHONE 5S / SE NEGRA,1490
PANTALLA IPHONE 6 BLANCA,980
PANTALLA IPHONE 6 NEGRA,980
PANTALLA IPHONE 6 PLUS BLANCA,1240
PANTALLA IPHONE 6 PLUS NEGRA,1090
PANTALLA IPHONE 6S BLANCA,1249
PANTALLA IPHONE 6S NEGRA,1249
PANTALLA IPHONE 6S PLUS BLANCA,1790
PANTALLA IPHONE 6S PLUS NEGRO,1790
PANTALLA IPHONE 7 BLANCA,1187
PANTALLA IPHONE 7 NEGRA,1187
PANTALLA IPHONE 7 PLUS BLANCA,1144
PANTALLA IPHONE 7 PLUS NEGRA,1144
PANTALLA IPHONE 8 / SE 2020 BLANCA,1199
PANTALLA IPHONE 8 / SE 2020 NEGRA,1199
PANTALLA IPHONE 8 PLUS BLANCA,1144
PANTALLA IPHONE 8 PLUS NEGRA,1144
PANTALLA IPHONE X (INCELL),2385
PANTALLA IPHONE X OLED,3500
PANTALLA IPHONE X ORI GLASS,6500
PANTALLA IPHONE X ORIGINAL,7500
PANTALLA IPHONE XR,4900
PANTALLA IPHONE XR INCELL RJ,2770
PANTALLA IPHONE XR ORI GLASS,6290
PANTALLA IPHONE XR ORIGINAL,7590
PANTALLA IPHONE XS (OLED),3585
PANTALLA IPHONE XS INCELL,2595
PANTALLA IPHONE XS MAX,5990
PANTALLA IPHONE XS MAX (YK),4295
PANTALLA IPHONE XS MAX INCELL,3895
PANTALLA IPHONE XS MAX ORI GLASS,8090
PANTALLA IPHONE XS ORI GLASS,6690
PANTALLA IPHONE XS ORIGINAL,7990
PANTALLA LENOVO M7 (3RD GEN) (TB-7306F) 7,2500
PANTALLA LG F60 / D392 NEGRA,2900
PANTALLA LG G4 NEGRA,2190
PANTALLA LG K10,2990
PANTALLA LG K11 PLUS / X4010,2990
PANTALLA LG K20 2019 NEGRA,2800
PANTALLA LG K220 / X POWER,2500
PANTALLA LG K3 2016 / K4 K120,2990
PANTALLA LG K8V VERIZON NEGRO,3190
PANTALLA LG Q6,3290
PANTALLA LG Q60 / K50,3490
PANTALLA MOTOROLA E20,2180
PANTALLA MOTOROLA E32,3790
PANTALLA MOTOROLA E4,1685
PANTALLA MOTOROLA E4 PLUS,2290
PANTALLA MOTOROLA E40 // E30,3290
PANTALLA MOTOROLA E5,3890
PANTALLA MOTOROLA E5 PLAY / XT1920,3190
PANTALLA MOTOROLA E5 PLUS,2185
PANTALLA MOTOROLA E6 PLAY,2590
PANTALLA MOTOROLA E6 PLUS NEGRA,2680
PANTALLA MOTOROLA E6S,1985
PANTALLA MOTOROLA E7 (XT-2095-1),4290
PANTALLA MOTOROLA E7 PLUS / G9 PLAY,1740
PANTALLA MOTOROLA E7I POWER / XT2097,1695
PANTALLA MOTOROLA EDGE 20 LITE / XT2139,9900
PANTALLA MOTOROLA EDGE 20 PRO,7590
PANTALLA MOTOROLA EDGE 30 FUSION,5500
PANTALLA MOTOROLA G100 / XT2125-4,2699
PANTALLA MOTOROLA G20 / XT2128,1890
PANTALLA MOTOROLA G22 / XT2231,2385
PANTALLA MOTOROLA G30,1890
PANTALLA MOTOROLA G4 PLAY,2290
PANTALLA MOTOROLA G40 FUSION V2,3590
PANTALLA MOTOROLA G41 (XT2167 / 2022) G31 / G71,5090
PANTALLA MOTOROLA G42 / XT2233-2,4590
PANTALLA MOTOROLA G51 5G (XT2171 / 2021),3690
PANTALLA MOTOROLA G52 / XT2221,6990
PANTALLA MOTOROLA G6,2350
PANTALLA MOTOROLA G6 PLAY,4590
PANTALLA MOTOROLA G60S / XT2133,2485
PANTALLA MOTOROLA G7 PLAY,3590
PANTALLA MOTOROLA G7 POWER XT1955,2940
PANTALLA MOTOROLA G7 XT-1962 / G7 / G7 PLUS / XT1965,3590
PANTALLA MOTOROLA G8 / XT2045,3690
PANTALLA MOTOROLA G8 PLUS,2685
PANTALLA MOTOROLA G8 POWER,4690
PANTALLA MOTOROLA G8 POWER LITE,3290
PANTALLA MOTOROLA G9 PLUS / XT2087,2090
PANTALLA MOTOROLA G9 POWER (XT2091 / 2020),2500
PANTALLA MOTOROLA MOTO C,2190
PANTALLA MOTOROLA MOTO C PLUS,2875
PANTALLA MOTOROLA MOTO ONE,3890
PANTALLA MOTOROLA Z PLAY,4490
PANTALLA MOTOROLA Z2,2590
PANTALLA MOTOROLA Z2 PLAY,2700
PANTALLA NOKIA 1,1990
PANTALLA NOKIA 1.3,3490
PANTALLA NOKIA 2,1600
PANTALLA NOKIA 2.2,2890
PANTALLA NOKIA 2.3,2680
PANTALLA NOKIA 2.4,2500
PANTALLA NOKIA 3,1599
PANTALLA NOKIA 3.1,2890
PANTALLA NOKIA 3.2,3400
PANTALLA NOKIA 3.4 TA-1288,3990
PANTALLA NOKIA 5,1990
PANTALLA NOKIA 5.1,2590
PANTALLA NOKIA 5.1 PLUS,3390
PANTALLA NOKIA 6,1990
PANTALLA NOKIA 6.1,2699
PANTALLA NOKIA 625,1800
PANTALLA NOKIA 7 PLUS,5900
PANTALLA NOKIA 8,2890
PANTALLA NOKIA C1 PLUS,2490
PANTALLA NOKIA C20,3290
PANTALLA NOKIA C3 2020 TA-1298,3890
PANTALLA NOKIA C30,3790
PANTALLA NOKIA G10 / G20,3890
PANTALLA NOKIA LUMIA 1320,2190
PANTALLA NOKIA LUMIA 720,3690
PANTALLA NOKIA LUMIA 730 / 735 C/ MARCO,3690
PANTALLA NOKIA LUMIA 800,1900
PANTALLA REALME 8 4G OLED,5590
PANTALLA SAMSUNG A01 CORE / A013,2095
PANTALLA SAMSUNG A015F,1445
PANTALLA SAMSUNG A015M,1440
PANTALLA SAMSUNG A02 A022 2021 / M12,1790
PANTALLA SAMSUNG A02S / A025F / A025M / A035M / A03,1980
PANTALLA SAMSUNG A02S / A025F / M12 C/ MARCO,4590
PANTALLA SAMSUNG A03 / A035F (160MM) / A02S,1675
PANTALLA SAMSUNG A03 CORE / A032F (GH96-19112A-21711A),1495
PANTALLA SAMSUNG A03S / A04E,1785
PANTALLA SAMSUNG A04 / A045,1995
PANTALLA SAMSUNG A04E,1795
PANTALLA SAMSUNG A04S / A047,1795
PANTALLA SAMSUNG A10,1680
PANTALLA SAMSUNG A10E,2290
PANTALLA SAMSUNG A10S / A107,1680
PANTALLA SAMSUNG A10S / A107 C/ MARCO,5340
PANTALLA SAMSUNG A11 / A115F / A115M,1790
PANTALLA SAMSUNG A11 CON MARCO,3900
PANTALLA SAMSUNG A12 / A125,1695
PANTALLA SAMSUNG A127 / A12S,1695
PANTALLA SAMSUNG A13 / A23 2022 / A135 / A137 / M336 / A135 / A235 4G / M236 ( M23 / M33 5G 2022 ),2370
PANTALLA SAMSUNG A14 5G / A146B 2023,2290
PANTALLA SAMSUNG A14 5G / A146P 2023 CONECTOR CHICO,2290
PANTALLA SAMSUNG A20 OLED,2495
PANTALLA SAMSUNG A20 ORI,3280
PANTALLA SAMSUNG A20S / A207,2290
PANTALLA SAMSUNG A21,1995
PANTALLA SAMSUNG A21S / A217 (GH96-13759A),2080
PANTALLA SAMSUNG A21S C/ MARCO,4600
PANTALLA SAMSUNG A22 / A225 4G,2489
PANTALLA SAMSUNG A22 / A225 4G OLED CON MARCO,2985
PANTALLA SAMSUNG A22 / A226 5G (GH81-20694A),2445
PANTALLA SAMSUNG A23 / A235 4G 2022,2095
PANTALLA SAMSUNG A3 2016,3890
PANTALLA SAMSUNG A30,4990
PANTALLA SAMSUNG A30S OLED,2695
PANTALLA SAMSUNG A30S ORI,5800
PANTALLA SAMSUNG A31 C/ MARCO,6590
PANTALLA SAMSUNG A31 OLED C/ MARCO,2990
PANTALLA SAMSUNG A31 ORI GLASS,3790
PANTALLA SAMSUNG A32 / A325,6240
PANTALLA SAMSUNG A32 4G ORI GLASS,4290
PANTALLA SAMSUNG A32 CON MARCO (OLED),3885
PANTALLA SAMSUNG A33 / A336 5G,4985
PANTALLA SAMSUNG A40,5590
PANTALLA SAMSUNG A5 2017,5000
PANTALLA SAMSUNG A50 OLED,2790
PANTALLA SAMSUNG A50 ORI GLASS,4885
PANTALLA SAMSUNG A50 ORIGINAL,5885
PANTALLA SAMSUNG A51 / A515 OLED,5990
PANTALLA SAMSUNG A51 / A515 ORIGINAL CON MARCO,7395
PANTALLA SAMSUNG A51/ A515 CON MARCO (OLED),5990
PANTALLA SAMSUNG A52 C/ MARCO (OLED),5285
PANTALLA SAMSUNG A52 C/ MARCO ORI GLASS,7980
PANTALLA SAMSUNG A52S / A528,5890
PANTALLA SAMSUNG A53 5G / A536,6990
PANTALLA SAMSUNG A6,5470
PANTALLA SAMSUNG A6 PLUS,3780
PANTALLA SAMSUNG A7 2016,5980
PANTALLA SAMSUNG A7 2017 / A720,5590
PANTALLA SAMSUNG A7 2018 / A750,5990
PANTALLA SAMSUNG A7 2018 / A750 (OLED),3280
PANTALLA SAMSUNG A70,6890
PANTALLA SAMSUNG A71 (OLED),4995
PANTALLA SAMSUNG A71 ORI,5975
PANTALLA SAMSUNG A72 (OLED),5785
PANTALLA SAMSUNG A72 ORI,7790
PANTALLA SAMSUNG A8 2018 / 530,5600
PANTALLA SAMSUNG A9 2018,6980
PANTALLA SAMSUNG GALAXY TAB A7 LITE 8.7 T220,3190
PANTALLA SAMSUNG GALAXY TAB S7 SM-T870,4500
PANTALLA SAMSUNG J2 CORE,1980
PANTALLA SAMSUNG J2 PRIME,1980
PANTALLA SAMSUNG J2 PRO / J250,3190
PANTALLA SAMSUNG J3 2016,2380
PANTALLA SAMSUNG J3 PRIME GRIS,1990
PANTALLA SAMSUNG J4 PLUS / J6 PLUS J610,2690
PANTALLA SAMSUNG J400,2485
PANTALLA SAMSUNG J5 PRIME BLANCA,2190
PANTALLA SAMSUNG J5 PRIME DORADA,2180
PANTALLA SAMSUNG J5 PRIME NEGRA,2190
PANTALLA SAMSUNG J5 PRO NEGRA,3385
PANTALLA SAMSUNG J500 DORADA,3390
PANTALLA SAMSUNG J500 NEGRA,3390
PANTALLA SAMSUNG J510-J5 2016 NEGRA,2790
PANTALLA SAMSUNG J6 / J600 (ORI GLASS),3480
PANTALLA SAMSUNG J7 DUO / J720,2390
PANTALLA SAMSUNG J7 PRIME BLANCO,1780
PANTALLA SAMSUNG J7 PRIME NEGRO,1780
PANTALLA SAMSUNG J700 / J7 BLANCO,2963
PANTALLA SAMSUNG J700 OLED NEGRO,2963
PANTALLA SAMSUNG J700 ORI GLASS NEGRO,3990
PANTALLA SAMSUNG J701 / J7 NEO DORADO,3500
PANTALLA SAMSUNG J701 / J7 NEO NEGRO,3780
PANTALLA SAMSUNG J701 / J7 NEO OLED NEGRO,3780
PANTALLA SAMSUNG J727 / J7 V NEGRO,1990
PANTALLA SAMSUNG J730 / J7 PRO NEGRO,4490
PANTALLA SAMSUNG J8,4285
PANTALLA SAMSUNG M20,1640
PANTALLA SAMSUNG M31 / CON MARCO,3990
PANTALLA SAMSUNG NOTE 10,12990
PANTALLA SAMSUNG NOTE 10 LITE,14980
PANTALLA SAMSUNG NOTE 10 PLUS,18000
PANTALLA SAMSUNG NOTE 20,14980
PANTALLA SAMSUNG NOTE 20 ULTRA,17970
PANTALLA SAMSUNG NOTE 5 AZUL,6490
PANTALLA SAMSUNG NOTE 5 BLANCO,7899
PANTALLA SAMSUNG NOTE 5 DORADO,7899
PANTALLA SAMSUNG NOTE 8,11890
PANTALLA SAMSUNG NOTE 9,13980
PANTALLA SAMSUNG S10,13390
PANTALLA SAMSUNG S10 LITE / CON MARCO,9890
PANTALLA SAMSUNG S10 PLUS,13980
PANTALLA SAMSUNG S10E / CON MARCO,10180
PANTALLA SAMSUNG S20,15390
PANTALLA SAMSUNG S20 FE,7990
PANTALLA SAMSUNG S20 PLUS,15980
PANTALLA SAMSUNG S20 ULTRA,14980
PANTALLA SAMSUNG S21 / CON MARCO,11790
PANTALLA SAMSUNG S21 FE,9894
PANTALLA SAMSUNG S21 PLUS C/ MARCO,12890
PANTALLA SAMSUNG S21 ULTRA,17990
PANTALLA SAMSUNG S22,12990
PANTALLA SAMSUNG S22 ORIGINAL C/ MARCO,11980
PANTALLA SAMSUNG S22 PLUS C/ MARCO,11980
PANTALLA SAMSUNG S22 ULTRA,20880
PANTALLA SAMSUNG S23,12985
PANTALLA SAMSUNG S23 PLUS 5G (GH82-30476B/30477B) BEIG,14980
PANTALLA SAMSUNG S23 ULTRA,18990
PANTALLA SAMSUNG S3 MINI NEGRA,2500
PANTALLA SAMSUNG S6 EDGE AZUL,6450
PANTALLA SAMSUNG S6 EDGE BLANCO,6450
PANTALLA SAMSUNG S6 EDGE DORADO,6890
PANTALLA SAMSUNG S6 EDGE NEGRA,6450
PANTALLA SAMSUNG S6 EDGE VERDE,6450
PANTALLA SAMSUNG S6 FLAT AZUL,6590
PANTALLA SAMSUNG S7 EDGE DORADO,9790
PANTALLA SAMSUNG S7 EDGE NEGRO,7490
PANTALLA SAMSUNG S7 NEGRO,4980
PANTALLA SAMSUNG S8 NEGRO,10490
PANTALLA SAMSUNG S8 PLUS,10480
PANTALLA SAMSUNG S9,8290
PANTALLA SAMSUNG S9 PLUS,10980
PANTALLA SAMSUNG T500 / T505 / TAB A7 10.4 2020 (NEGRO),3490
PANTALLA SAMSUNG TAB A 8 0 T290 / T295,2690
PANTALLA SAMSUNG TAB E T560 / T561,4990
PANTALLA SAMSUNG TAB S2 / 9.7 SM T810,2099
PANTALLA SAMSUNG Z FLIP 3 NEGRA,29000
PANTALLA SONY D5803 / Z3 BLANCO,2300
PANTALLA SONY E2303 / E2306 XPERIA M4,1800
PANTALLA SONY XA F3113 GRIS,2990
PANTALLA SONY XA ULTRA GRIS,2690
PANTALLA SONY XA1,4790
PANTALLA SONY XA1 PLUS,3590
PANTALLA SONY XA2 ULTRA,3590
PANTALLA SONY XPERIA L1,2690
PANTALLA SONY XPERIA Z,3590
PANTALLA SONY XPERIA Z1 MINI NEGRA,3200
PANTALLA SONY XZ1,2380
PANTALLA SONY Z2,2750
PANTALLA SONY Z3,2750
PANTALLA SONY Z3 PLUS E6553,2000
PANTALLA SONY Z5 PREMIUM,3580
PANTALLA SURFACE 3,8000
PANTALLA TCL 10 SE,3990
PANTALLA TCL 20 SE / T671E,3700
PANTALLA TCL 20E,2900
PANTALLA TCL 20L NEGRA,4790
PANTALLA TCL 30 SE,4290
PANTALLA TCL 305I,3590
PANTALLA TECNO CAMON 16 (CE7),3590
PANTALLA TECNO CAMON 17,2990
PANTALLA TECNO CAMON 17 PRO (CG8 / CG8H),2990
PANTALLA TECNO POP 5 LTE,1890
PANTALLA TECNO SPARK 6,2500
PANTALLA TECNO SPARK 6 GO,2500
PANTALLA WIKO VIEW 3 LITE,"1190,03"
PANTALLA XIAOMI MI 10 EDGE,7000
PANTALLA XIAOMI MI 10 LITE,14825
PANTALLA XIAOMI MI 11 LITE,4579
PANTALLA XIAOMI MI 11 ULTRA,15990
PANTALLA XIAOMI MI 11T 5G (21081111RG) 11T PRO 5G (2107113SG),6895
PANTALLA XIAOMI MI 12 LITE,4000
PANTALLA XIAOMI MI 5,1690
PANTALLA XIAOMI MI 8,4480
PANTALLA XIAOMI MI 8 LITE (M1808D2TG),2140
PANTALLA XIAOMI MI 8 PRO,5980
PANTALLA XIAOMI MI 9,6189
PANTALLA XIAOMI MI 9 LITE,4490
PANTALLA XIAOMI MI 9 SE,4480
PANTALLA XIAOMI MI 9T,4290
PANTALLA XIAOMI MI 9T (OLED),4800
PANTALLA XIAOMI MI A1,2290
PANTALLA XIAOMI MI A1 C/ MARCO NEGRO,1790
PANTALLA XIAOMI MI A2 BLANCA,2480
PANTALLA XIAOMI MI A2 LITE BLANCA / REDMI 6 PRO,2356
PANTALLA XIAOMI MI A2 LITE NEGRA / REDMI 6 PRO,2356
PANTALLA XIAOMI MI A2 NEGRA,2480
PANTALLA XIAOMI MI A3,5050
PANTALLA XIAOMI MI MAX 3,4790
PANTALLA XIAOMI MI MIX 2 NEGRA,3080
PANTALLA XIAOMI MI MIX 3,5890
PANTALLA XIAOMI MI NOTE 10 / PRO,5729
PANTALLA XIAOMI MI NOTE 10S / MI NOTE 10 LITE,5590
PANTALLA XIAOMI POCO F3 M2012K11AG,7480
PANTALLA XIAOMI POCO X3 / POCO X3 PRO / MI 10T LITE 5G,2985
PANTALLA XIAOMI POCOPHONE F1,2180
PANTALLA XIAOMI POCOPHONE F2 / K30 PRO,3590
PANTALLA XIAOMI POCOPHONE F2 ORI GLASS,5990
PANTALLA XIAOMI REDMI 10,2290
PANTALLA XIAOMI REDMI 10A,2490
PANTALLA XIAOMI REDMI 10C / 10 POWER / POCO C40 4G 2022 NEGRO ORIGINAL (X-256),2590
PANTALLA XIAOMI REDMI 12C,2190
PANTALLA XIAOMI REDMI 4,1195
PANTALLA XIAOMI REDMI 4A BLANCA,1950
PANTALLA XIAOMI REDMI 4A NEGRA,1819
PANTALLA XIAOMI REDMI 4X,1195
PANTALLA XIAOMI REDMI 5,1795
PANTALLA XIAOMI REDMI 5 PLUS,1895
PANTALLA XIAOMI REDMI 5A,1939
PANTALLA XIAOMI REDMI 6 / 6A (M1804C3DG / M1804C3CH),1695
PANTALLA XIAOMI REDMI 7,1780
PANTALLA XIAOMI REDMI 7A,2590
PANTALLA XIAOMI REDMI 8 / 8A (M1908C3IH / M1908C3K1),2180
PANTALLA XIAOMI REDMI 8A CON MARCO,3300
PANTALLA XIAOMI REDMI 9 (M2004J19G),1900
PANTALLA XIAOMI REDMI 9C / 9A / 9AT / 10A (M2006C3LG / M2006C3LVG / M2006C3MG / 220233L2C),1970
PANTALLA XIAOMI REDMI 9T / 9 POWER / NOTE 9 4G / POCO M3 (X-253) (M2020J19SG),2390
PANTALLA XIAOMI REDMI 9T / 9 POWER / NOTE 9 4G / POCO M3 C/MARCO (X-253) (M2020J19SG),2390
PANTALLA XIAOMI REDMI A1,2590
PANTALLA XIAOMI REDMI K50,8990
PANTALLA XIAOMI REDMI NOTE 10 4G / NOTE 10S / (M2101K7AI) (M210K7BL) OLED,4040
PANTALLA XIAOMI REDMI NOTE 10 5G / MARCO,3300
PANTALLA XIAOMI REDMI NOTE 10 5G / NOTE 10T 5G / POCO M3 PRO,2520
PANTALLA XIAOMI REDMI NOTE 10 PRO,9990
PANTALLA XIAOMI REDMI NOTE 10 PRO (TFT),4900
PANTALLA XIAOMI REDMI NOTE 10S (TFT),3850
PANTALLA XIAOMI REDMI NOTE 11 PRO ORI GLASS (2201116SG),7980
PANTALLA XIAOMI REDMI NOTE 11 PRO TFT (2201116SG),5990
PANTALLA XIAOMI REDMI NOTE 11S / NOTE 11 4G/ POCO M4 PRO,5990
PANTALLA XIAOMI REDMI NOTE 3,2480
PANTALLA XIAOMI REDMI NOTE 3 PRO,2790
PANTALLA XIAOMI REDMI NOTE 4 / NOTE 4X,1885
PANTALLA XIAOMI REDMI NOTE 5,2240
PANTALLA XIAOMI REDMI NOTE 5 PRIME / PRO,2240
PANTALLA XIAOMI REDMI NOTE 5A,1840
PANTALLA XIAOMI REDMI NOTE 5A PRIME BLANCA,1720
PANTALLA XIAOMI REDMI NOTE 5A PRIME NEGRA,1995
PANTALLA XIAOMI REDMI NOTE 6 PRO,2275
PANTALLA XIAOMI REDMI NOTE 7,1895
PANTALLA XIAOMI REDMI NOTE 8,3200
PANTALLA XIAOMI REDMI NOTE 8 PRO,3090
PANTALLA XIAOMI REDMI NOTE 8T,2245
PANTALLA XIAOMI REDMI NOTE 9 (M2003J15SS),2090
PANTALLA XIAOMI REDMI NOTE 9 C/MARCO,2090
PANTALLA XIAOMI REDMI NOTE 9 PRO,2480
PANTALLA XIAOMI REDMI NOTE 9S,2590
PANTALLA XIAOMI REDMI NOTE 9S C/ MARCO,5280
PANTALLA XIAOMI REDMI S2,2520
PANTALLA ZTE BLADE A51,3190
PANTALLA ZTE BLADE A71,3690
PARLANTE ALTAVOZ HUAWEI NOVA 5T,1350
PASTA PARA SOLDAR MECHANIC 148º,525
PASTA PARA SOLDAR MECHANIC 183º,1220
PEGAMENTO B7000,400
PEGAMENTO FACE ID QIANLI,1400
PEGAMENTO T7000,400
PICKUP,590
PINCEL ANTIESTATICO SS-022B,320
PINZAS VETUS JP,935
PLACA B250 BTC PRO,11590
PLACA DE CARGA PARA XIAOMI REDMI K50,0
PLACA MADRE MAC,3990
PLACA STENCIL IPHONE,3500
PLACA USB AUDIO DC-IN JACK BOARD C/ CABLE,4200
PUNTA PARA SOLDAR JBC C-210,3500
PUNTAS MULTIMETRO TESTER,500
PUNTAS SOLDADOR CAUTIN,1380
PUNZADOR DE DIAMANTE RELIFE RL-066,680
RECIPIENTE DE ALCOHOL DE 50ML,58
RECIPIENTE DE ALCOHOL DE 50ML TIPO 2,76
REPARACION EN ANTENA,1200
REPARACION EN PLACA CODEC DE AUDIO IPHONE,4000
REPARACION EN PLACA IPHONE 11,6500
REPARACION EN PLACA IPHONE 14 / 14 PLUS,18000
REPARACION EN PLACA IPHONE X,4500
REPARACION EN PLACA IPHONE 11 PRO / 11 PRO MAX,8000
REPARACION EN PLACA IPHONE 12 / 12 MINI,9000
REPARACION EN PLACA IPHONE 12 PRO / 12 PRO MAX,12000
REPARACION EN PLACA IPHONE 13 / 13 MINI,14000
REPARACION EN PLACA IPHONE 13 PRO / 13 PRO MAX,17000
REPARACION EN PLACA IPHONE 14 PRO / 14 PRO MAX,18500
REPARACION EN PLACA IPHONE 5/ 5C/ 5S SE,3000
REPARACION EN PLACA IPHONE 6 /6 PLUS,3000
REPARACION EN PLACA IPHONE 6S /6S PLUS,3000
REPARACION EN PLACA IPHONE 7 / 7 PLUS,3500
REPARACION EN PLACA IPHONE 8 / 8 PLUS,3500
REPARACION EN PLACA IPHONE SE 2020,4000
REPARACION EN PLACA IPHONE TOUCH TACTIL,3500
REPARACION EN PLACA IPHONE XR,5500
REPARACION EN PLACA IPHONE XS / XS MAX,5500
REPARACION EN PLACA NIVEL 1,800
REPARACION EN PLACA SAMSUNG,1500
REPARACION IPHONE FACE ID 11 / 11 PRO / 11 PRO MAX,135
REPARACION IPHONE FACE ID 12 / 12 PRO / 12 PRO MAX,170
REPARACION IPHONE FACE ID 13 / 13 PRO / 13 PRO MAX,300
REPARACION IPHONE FACE ID 14 / 14 PLUS / 14 PRO / 14 PRO MAX,350
REPARACION IPHONE FACE ID X / XR / XS / XS MAX,100
RESPALDO DE DATOS,1500
RESPALDO DE DATOS CON PANTALLA ROTA,1500
SACAR PATRON,1200
SACAR CUENTA GOOGLE HUAWEI ALTA GAMA 43,1900
SACAR CUENTA GOOGLE HUAWEI VIEJO 42,1300
SACAR CUENTA GOOGLE SAMSUNG ALTA GAMA 45,1900
SACAR CUENTA GOOGLE SAMSUNG VIEJO 44,1300
SACAR CUENTA GOOGLE XIAOMI 40,2500
SACAR CUENTA MI XIAOMI 41,2500
SEPARADOR DE PANTALLAS SUNSHINE SS-601G,2350
SERVICIO TECNICO,1000
SET DISCOS DE CORTE DIAMANTE X 10 UNIDADES PARA DREMEL,520
SET ESPATULAS APERTURA PARA CELULARES JAKEMY JM-0P15 13 EN 1,990
SOFTWARE ANDROID AG 52,1800
SOFTWARE ANDROID V 51,1300
SOFTWARE IPHONE 5 / 8 PLUS,1000
SOFTWARE IPHONE X / 11 PRO MAX,1500
SOFTWARE IPHONE 12 / 13 PRO MAX,2500
SOLDADOR DE PUNTOS PORTATIL 650 A,"5205,67"
SOPORTE BASE PARA CAUTIN,280
SOPORTE DE SOLDADURA POR PUNTOS PARA BATERIAS RL-936WA,900
SOPORTE METALICO PARA PLACA,2150
STENCIL SAMSUNG,2000
STENCIL XIAOMI,2000
STICKER AUTOADHESIVAS 5000 PZAS,"514,08"
SUJETADOR SOPORTE PLACA HOLDER K23,1725
TAPA HUAWEI HONOR 8X AZUL,990
TAPA HUAWEI HONOR 8X NEGRO,990
TAPA HUAWEI HONOR 8X ROJO,990
TAPA HUAWEI HONOR 8X ROSADO LILA,990
TAPA HUAWEI MATE 20 AZUL,990
TAPA HUAWEI MATE 20 LITE AZUL,990
TAPA HUAWEI MATE 20 LITE DORADO,990
TAPA HUAWEI MATE 20 LITE NEGRO,990
TAPA HUAWEI MATE 20 NEGRO,990
TAPA HUAWEI MATE 20 PRO AZUL,990
TAPA HUAWEI MATE 20 PRO NEGRO,990
TAPA HUAWEI MATE 20 PRO TWILIGHT,990
TAPA HUAWEI MATE 20 PRO VERDE,990
TAPA HUAWEI NOVA 5T AZUL,990
TAPA HUAWEI NOVA 5T NEGRO,990
TAPA HUAWEI NOVA 5T VIOLETA,990
TAPA HUAWEI P10 LITE NEGRO,990
TAPA HUAWEI P20 AURORA,990
TAPA HUAWEI P20 DORADO,990
TAPA HUAWEI P20 LITE AZUL,990
TAPA HUAWEI P20 LITE DORADO,990
TAPA HUAWEI P20 LITE NEGRO,990
TAPA HUAWEI P20 NEGRO,990
TAPA HUAWEI P20 PRO AURORA,990
TAPA HUAWEI P20 PRO NEGRO,990
TAPA HUAWEI P30 LITE 24M AZUL,990
TAPA HUAWEI P30 LITE 24M NEGRO,990
TAPA HUAWEI P30 LITE 48M AZUL,990
TAPA HUAWEI P30 LITE 48M NEGRO,990
TAPA HUAWEI P30 LITE AZUL,990
TAPA HUAWEI P30 NEGRA,990
TAPA HUAWEI P30 PRO AZUL,990
TAPA HUAWEI P30 PRO NEGRA,990
TAPA HUAWEI Y6 2019 NEGRA,990
TAPA HUAWEI Y9 2019 AURORA,990
TAPA HUAWEI Y9 2019 AZUL,990
TAPA HUAWEI Y9 2019 NEGRO,990
TAPA HUAWEI Y9S AZUL,990
TAPA HUAWEI Y9S NEGRA,990
TAPA IPHONE 11 AMARILLO,4490
TAPA IPHONE 11 BLANCO,4490
TAPA IPHONE 11 NEGRO,4490
TAPA IPHONE 11 PRO BLANCA,4980
TAPA IPHONE 11 PRO DORADA,4980
TAPA IPHONE 11 PRO GRIS OSCURO,4980
TAPA IPHONE 11 PRO MAX BLANCO,4980
TAPA IPHONE 11 PRO MAX DORADO,4980
TAPA IPHONE 11 PRO MAX NEGRO,4980
TAPA IPHONE 11 PRO MAX VERDE OSCURO,4980
TAPA IPHONE 11 PRO NEGRO,4980
TAPA IPHONE 11 PURPURA,4490
TAPA IPHONE 11 ROJO,4490
TAPA IPHONE 11 VERDE,4490
TAPA IPHONE 12 AZUL,4980
TAPA IPHONE 12 BLANCO,4980
TAPA IPHONE 12 MINI BLANCO,4980
TAPA IPHONE 12 MINI NEGRO,4980
TAPA IPHONE 12 NEGRO,4980
TAPA IPHONE 12 PRO AZUL,5000
TAPA IPHONE 12 PRO GOLD,5000
TAPA IPHONE 12 PRO MAX AZUL PACIFICO,5000
TAPA IPHONE 12 PRO MAX GOLD,5000
TAPA IPHONE 12 PRO MAX GRAFITO,5000
TAPA IPHONE 12 PRO MAX SILVER - BLANCA,5000
TAPA IPHONE 12 PRO NEGRA / GRIS OSCURO,5000
TAPA IPHONE 12 PRO SILVER - BLANCA,5000
TAPA IPHONE 12 PURPURA,4980
TAPA IPHONE 12 ROJO,4980
TAPA IPHONE 12 VERDE,4980
TAPA IPHONE 13 AZUL,5500
TAPA IPHONE 13 BLANCO,5500
TAPA IPHONE 13 MINI,5500
TAPA IPHONE 13 MINI BLANCO,5500
TAPA IPHONE 13 MINI NEGRO,5500
TAPA IPHONE 13 MINI ROJO,5500
TAPA IPHONE 13 MINI ROSADO,5500
TAPA IPHONE 13 NEGRO,5500
TAPA IPHONE 13 PRO AZUL ALPINO,5500
TAPA IPHONE 13 PRO DORADO,5500
TAPA IPHONE 13 PRO GRAFITO,5500
TAPA IPHONE 13 PRO MAX AZUL ALPINO,5500
TAPA IPHONE 13 PRO MAX DORADO,5500
TAPA IPHONE 13 PRO MAX GRAFITO,5500
TAPA IPHONE 13 PRO MAX PLATA,5500
TAPA IPHONE 13 PRO MAX VERDE ALPINO,5500
TAPA IPHONE 13 PRO PLATA,5500
TAPA IPHONE 13 ROJO,5500
TAPA IPHONE 13 ROSADO,5500
TAPA IPHONE 14 AZUL,6000
TAPA IPHONE 14 BLANCA,6000
TAPA IPHONE 14 NEGRA,6000
TAPA IPHONE 14 PLUS AZUL,6000
TAPA IPHONE 14 PLUS BLANCA,6000
TAPA IPHONE 14 PLUS NEGRA,6000
TAPA IPHONE 14 PLUS PURPURA,6000
TAPA IPHONE 14 PLUS ROJA,6000
TAPA IPHONE 14 PRO BLANCA,6000
TAPA IPHONE 14 PRO DORADA,6000
TAPA IPHONE 14 PRO MAX BLANCA,6000
TAPA IPHONE 14 PRO MAX DORADA,6000
TAPA IPHONE 14 PRO MAX NEGRA,6000
TAPA IPHONE 14 PRO MAX PURPURA,6000
TAPA IPHONE 14 PRO NEGRA,6000
TAPA IPHONE 14 PRO PURPURA,6000
TAPA IPHONE 14 PURPURA,6000
TAPA IPHONE 14 ROJA,6000
TAPA IPHONE 14 ROSADA,6000
TAPA IPHONE 4 BLANCA,1500
TAPA IPHONE 4 NEGRA,1500
TAPA IPHONE 8 BLANCO,1980
TAPA IPHONE 8 DORADO,1980
TAPA IPHONE 8 NEGRA,1980
TAPA IPHONE 8 PLUS BLANCO,2970
TAPA IPHONE 8 PLUS DORADA,2970
TAPA IPHONE 8 PLUS NEGRA,2970
TAPA IPHONE 8 PLUS ROJO,2970
TAPA IPHONE 8 ROJO,1980
TAPA IPHONE SE 2020 NEGRA,1980
TAPA IPHONE X / XS BLANCO,2190
TAPA IPHONE X / XS DORADO,2190
TAPA IPHONE X / XS NEGRO,2190
TAPA IPHONE XR AMARILLO,2190
TAPA IPHONE XR AZUL CELESTE,2190
TAPA IPHONE XR BLANCO,2190
TAPA IPHONE XR NARANJA,2190
TAPA IPHONE XR NEGRO,2190
TAPA IPHONE XR ROJO,2190
TAPA IPHONE XS MAX BLANCO,2390
TAPA IPHONE XS MAX DORADO,2390
TAPA IPHONE XS MAX NEGRO,2390
TAPA MOTOROLA G7 NEGRO,990
TAPA SAMSUNG A02S NEGRA,990
TAPA SAMSUNG A03 CORE / A032 AZUL,990
TAPA SAMSUNG A03 CORE / A032 NEGRA,990
TAPA SAMSUNG A10 NEGRA,990
TAPA SAMSUNG A10S AZUL,990
TAPA SAMSUNG A11 NEGRA,990
TAPA SAMSUNG A225 NEGRA,990
TAPA SAMSUNG A30S NEGRO,990
TAPA SAMSUNG A5 2016 BLANCO,990
TAPA SAMSUNG A5 2016 DORADO,990
TAPA SAMSUNG A5 2016 NEGRO,990
TAPA SAMSUNG A5 2017 AZUL,990
TAPA SAMSUNG A5 2017 DORADO,990
TAPA SAMSUNG A50 NEGRO,990
TAPA SAMSUNG A51 NEGRA,990
TAPA SAMSUNG A52 NEGRA,990
TAPA SAMSUNG A7 2018 NEGRO,1500
TAPA SAMSUNG A8 2018 NEGRO,990
TAPA SAMSUNG J6 NEGRO,990
TAPA SAMSUNG M31 NEGRO,990
TAPA SAMSUNG NOTE 10 AZUL,990
TAPA SAMSUNG NOTE 10 AZUL OSCURO,990
TAPA SAMSUNG NOTE 10 BLANCO,990
TAPA SAMSUNG NOTE 10 NEGRO,990
TAPA SAMSUNG NOTE 10 PLATEADO,990
TAPA SAMSUNG NOTE 10 PLUS AZUL,990
TAPA SAMSUNG NOTE 10 PLUS BLANCO,990
TAPA SAMSUNG NOTE 10 PLUS NEGRO,990
TAPA SAMSUNG NOTE 10 PLUS ROSA,990
TAPA SAMSUNG NOTE 10 ROJO,990
TAPA SAMSUNG NOTE 10 ROSADO,990
TAPA SAMSUNG NOTE 20 BRONCE,990
TAPA SAMSUNG NOTE 20 PLATEADO / NEGRO,990
TAPA SAMSUNG NOTE 20 ULTRA BRONCE,990
TAPA SAMSUNG NOTE 20 ULTRA NEGRO,990
TAPA SAMSUNG NOTE 20 ULTRA VERDE,990
TAPA SAMSUNG NOTE 20 VERDE,990
TAPA SAMSUNG NOTE 5 AZUL,990
TAPA SAMSUNG NOTE 5 BLANCA,990
TAPA SAMSUNG NOTE 8 AZUL,990
TAPA SAMSUNG NOTE 8 NEGRO,990
TAPA SAMSUNG NOTE 8 PLATEADO,990
TAPA SAMSUNG NOTE 9 AZUL,990
TAPA SAMSUNG NOTE 9 NEGRO,990
TAPA SAMSUNG NOTE 9 ROSADO,990
TAPA SAMSUNG S10 BLANCO,990
TAPA SAMSUNG S10 CELESTE,990
TAPA SAMSUNG S10 NARANJA,990
TAPA SAMSUNG S10 NEGRO,990
TAPA SAMSUNG S10 PLUS BLANCO,990
TAPA SAMSUNG S10 PLUS NARANJA,990
TAPA SAMSUNG S10 PLUS NEGRO,990
TAPA SAMSUNG S10 PLUS VERDE,990
TAPA SAMSUNG S10 VERDE,990
TAPA SAMSUNG S10E NEGRO,990
TAPA SAMSUNG S10E VERDE,990
TAPA SAMSUNG S20 BLANCO,990
TAPA SAMSUNG S20 CELESTE,990
TAPA SAMSUNG S20 FE BLANCO PLATA,990
TAPA SAMSUNG S20 FE NEGRO,990
TAPA SAMSUNG S20 FE ROJO,990
TAPA SAMSUNG S20 FE ROSA PURPURA,990
TAPA SAMSUNG S20 FE VERDE,990
TAPA SAMSUNG S20 GRIS,990
TAPA SAMSUNG S20 PLATEADO,990
TAPA SAMSUNG S20 PLUS BLANCO,990
TAPA SAMSUNG S20 PLUS CELESTE,990
TAPA SAMSUNG S20 PLUS NEGRO,990
TAPA SAMSUNG S20 PLUS PLATEADO,990
TAPA SAMSUNG S20 PLUS ROJO,990
TAPA SAMSUNG S20 PLUS ROSADO,990
TAPA SAMSUNG S20 ULTRA AZUL CELESTE,990
TAPA SAMSUNG S20 ULTRA BLANCO,990
TAPA SAMSUNG S20 ULTRA NEGRO,990
TAPA SAMSUNG S20 ULTRA ROSADO,990
TAPA SAMSUNG S21 BLANCO,990
TAPA SAMSUNG S21 NEGRO,990
TAPA SAMSUNG S21 PLUS NEGRA,990
TAPA SAMSUNG S21 ROSADO,990
TAPA SAMSUNG S21 ULTRA NEGRA,990
TAPA SAMSUNG S21 ULTRA PLATEADA,990
TAPA SAMSUNG S21 VIOLETA,990
TAPA SAMSUNG S22 NEGRA,990
TAPA SAMSUNG S22 PLUS NEGRA,990
TAPA SAMSUNG S22 ULTRA NEGRA,990
TAPA SAMSUNG S6 EDGE BLANCO,990
TAPA SAMSUNG S6 EDGE DORADO,990
TAPA SAMSUNG S7 EDGE DORADO,990
TAPA SAMSUNG S7 EDGE NEGRO,990
TAPA SAMSUNG S7 EDGE PLATEADO,990
TAPA SAMSUNG S7 FLAT AZUL,990
TAPA SAMSUNG S7 FLAT BLANCO,990
TAPA SAMSUNG S7 NEGRO,990
TAPA SAMSUNG S8 AZUL,990
TAPA SAMSUNG S8 NEGRA,990
TAPA SAMSUNG S8 PLATEADO,990
TAPA SAMSUNG S8 PLUS AZUL,990
TAPA SAMSUNG S8 PLUS NEGRO,990
TAPA SAMSUNG S8 PLUS PLATEADO,990
TAPA SAMSUNG S8 PLUS PURPURA,990
TAPA SAMSUNG S9 AZUL,990
TAPA SAMSUNG S9 NEGRO,990
TAPA SAMSUNG S9 PLUS AZUL,990
TAPA SAMSUNG S9 PLUS NEGRA,990
TAPA SAMSUNG S9 PLUS PURPURA,990
TAPA SAMSUNG S9 PURPURA,990
TAPA SONY XPERIA M5 BLANCA,990
TAPA SONY XPERIA M5 NEGRA,990
TAPA SONY XPERIA X F5121 / F5122 BLANCA,990
TAPA SONY XPERIA X F5121 / F5122 NEGRA,990
TAPA SONY XPERIA Z2 BLANCA,990
TAPA XIAOMI MI 10T NEGRA,990
TAPA XIAOMI MI 8 LITE AZUL,990
TAPA XIAOMI MI 8 NEGRO,990
TAPA XIAOMI MI 8 PRO NEGRA,990
TAPA XIAOMI MI 9 NEGRA,990
TAPA XIAOMI MI 9 SE NEGRA,990
TAPA XIAOMI MI 9T AZUL,990
TAPA XIAOMI MI 9T ROJO,990
TAPA XIAOMI NOTE 8 PRO BLANCA,990
TAPA XIAOMI NOTE 8 PRO NEGRO,990
TAPA XIAOMI NOTE 8 PRO VERDE,990
TAPA XIAOMI REDMI 7 NEGRA,990
TAPA XIAOMI REDMI 9A AZUL,990
TAPA XIAOMI REDMI 9A NEGRA,990
TAPA XIAOMI REDMI 9A VERDE,990
TAPA XIAOMI REDMI 9C NEGRA,990
TAPA XIAOMI REDMI NOTE 10 PRO NEGRA,990
TAPA XIAOMI REDMI NOTE 11 PRO 5G NEGRA,1200
TAPA XIAOMI REDMI NOTE 7 NEGRO,990
TAPA XIAOMI REDMI NOTE 8 CELESTE,990
TAPA XIAOMI REDMI NOTE 8 NEGRA,990
TAPA XIAOMI REDMI NOTE 9 PRO AZUL,990
TAPA XIAOMI REDMI NOTE 9 VERDE,990
TAPA XIAOMI REDMI NOTE 9S AZUL,990
TAPA XIAOMI REDMI NOTE 9S PRO AZUL,990
TESTER CARGADOR USB FAST X6 BOCAS,2700
TESTER CARGADOR USB SS-302A,930
TESTER MEDIDOR DE CORRIENTE USB 2 KWS-V20,2500
TESTER MEDIDOR DE CORRIENTE USB TIPO C BLANCO,2500
TESTER MEDIDOR DE CORRIENTE USB TIPO C NEGRO,2500
TOUCH ALCATEL ONE TOUCH POP 2 BLANCA,1890
TOUCH ALCATEL ONE TOUCH POP 2 NEGRA,1890
TOUCH IC IPHONE 6,650
TOUCH IPAD 2 - A1395 / A1396 / A1397,2990
TOUCH IPAD 3 / 4 BLANCO - A1403 / A1416 / A1430 / A1458 / A1459 / A1460,2990
TOUCH IPAD 3 / 4 NEGRO - A1403 / A1416 / A1430 / A1458 / A1459 / A1460,2990
TOUCH IPAD 5 (A1822 / A1823) - IPAD AIR (A1474 / A1475) BLANCO FLEX EN L,2990
TOUCH IPAD 5 (A1822 / A1823) - IPAD AIR (A1474 / A1475) NEGRO FLEX EN L,1649
TOUCH IPAD 6 BLANCO (A1893 / A1954),2950
TOUCH IPAD 6 NEGRO (A1893 / A1954),2990
TOUCH IPAD 7 (A2197 / A2198 / A2200) IPAD 8 / IPAD 9 BLANCO,2990
TOUCH IPAD 7 (A2197 / A2198 / A2200) IPAD 8 / IPAD 9 NEGRO,2990
TOUCH IPAD MINI 1-2 BLANCO - A1489 / A1490,2900
TOUCH IPAD MINI 1-2 NEGRO - A1489 / A1490,2990
TOUCH IPAD MINI 3 BLANCO - A1599 / A1600,2490
TOUCH IPAD MINI 3 NEGRO - A1599 / A1600,2490
TOUCH LG G2 MINI NEGRA,2150
TOUCH LG G3S MINI GRIS,2150
TOUCH NOKIA LUMIA 520,1890
TOUCH NOKIA LUMIA 535 MICROSOFT,1900
TOUCH NOKIA LUMIA 620,1900
TOUCH NOKIA LUMIA 625,1900
TOUCH NOKIA LUMIA 820,1900
TOUCH SAMSUNG ACE 3 BLANCA,1690
TOUCH SAMSUNG ACE 3 NEGRA,1690
TOUCH SAMSUNG GRAND 2 BLANCA,2120
TOUCH SAMSUNG GRAND 2 NEGRA,2120
TOUCH SAMSUNG GRAND I9128 BLANCA,1890
TOUCH SAMSUNG GRAND I9128 NEGRA,1890
TOUCH SAMSUNG J1 BLANCA,1890
TOUCH SAMSUNG J1 NEGRA,1890
TOUCH SAMSUNG J2 PRIME ROSA,1050
TOUCH SAMSUNG TAB T560 / T561 BLANCO,1900
TOUCH SAMSUNG TAB T560 / T561 NEGRO,2800
TOUCH SAMSUNG TREND DUOS BLANCA,1900
TOUCH SAMSUNG TREND DUOS NEGRA,1900
TOUCH SONY XPERIA M2 AQUA BLANCA,1900
VELCRO DOBLE FAZ 25 MTS AZUL,600
VELCRO DOBLE FAZ 25 MTS BLANCA,600
VELCRO DOBLE FAZ 25 MTS NEGRO,600
VIBRADOR CON PARLANTE PARA SAMSUNG S22 ULTRA,0